,popu,area,year
0,99036,全国,1966
1,5187,北 海 道,1966
2,1418,青 森 県,1966
3,1403,岩 手 県,1966
4,1760,宮 城 県,1966
5,1270,秋 田 県,1966
6,1252,山 形 県,1966
7,1969,福 島 県,1966
8,2052,茨 城 県,1966
9,1523,栃 木 県,1966
10,1605,群 馬 県,1966
11,3161,埼 玉 県,1966
12,2783,千 葉 県,1966
13,11018,東 京 都,1966
14,4595,神奈川県,1966
15,2387,新 潟 県,1966
16,1022,富 山 県,1966
17,980,石 川 県,1966
18,746,福 井 県,1966
19,761,山 梨 県,1966
20,1950,長 野 県,1966
21,1701,岐 阜 県,1966
22,2933,静 岡 県,1966
23,4886,愛 知 県,1966
24,1514,三 重 県,1966
25,853,滋 賀 県,1966
26,2122,京 都 府,1966
27,6815,大 阪 府,1966
28,4360,兵 庫 県,1966
29,838,奈 良 県,1966
30,1028,和歌山県,1966
31,575,鳥 取 県,1966
32,810,島 根 県,1966
33,1648,岡 山 県,1966
34,2301,広 島 県,1966
35,1532,山 口 県,1966
36,808,徳 島 県,1966
37,896,香 川 県,1966
38,1437,愛 媛 県,1966
39,805,高 知 県,1966
40,3980,福 岡 県,1966
41,868,佐 賀 県,1966
42,1634,長 崎 県,1966
43,1762,熊 本 県,1966
44,1177,大 分 県,1966
45,1078,宮 崎 県,1966
46,1836,鹿児島県,1966
47,　　 －,沖 縄 県,1966
48,100196,全国,1967
49,5205,北 海 道,1967
50,1423,青 森 県,1967
51,1396,岩 手 県,1967
52,1774,宮 城 県,1967
53,1264,秋 田 県,1967
54,1247,山 形 県,1967
55,1963,福 島 県,1967
56,2064,茨 城 県,1967
57,1531,栃 木 県,1967
58,1617,群 馬 県,1967
59,3328,埼 玉 県,1967
60,2903,千 葉 県,1967
61,11162,東 京 都,1967
62,4800,神奈川県,1967
63,2383,新 潟 県,1967
64,1022,富 山 県,1967
65,985,石 川 県,1967
66,745,福 井 県,1967
67,762,山 梨 県,1967
68,1949,長 野 県,1967
69,1713,岐 阜 県,1967
70,2973,静 岡 県,1967
71,4999,愛 知 県,1967
72,1517,三 重 県,1967
73,858,滋 賀 県,1967
74,2154,京 都 府,1967
75,7009,大 阪 府,1967
76,4425,兵 庫 県,1967
77,856,奈 良 県,1967
78,1033,和歌山県,1967
79,573,鳥 取 県,1967
80,801,島 根 県,1967
81,1660,岡 山 県,1967
82,2331,広 島 県,1967
83,1525,山 口 県,1967
84,804,徳 島 県,1967
85,898,香 川 県,1967
86,1432,愛 媛 県,1967
87,801,高 知 県,1967
88,3999,福 岡 県,1967
89,865,佐 賀 県,1967
90,1627,長 崎 県,1967
91,1757,熊 本 県,1967
92,1171,大 分 県,1967
93,1075,宮 崎 県,1967
94,1819,鹿児島県,1967
95,　　 －,沖 縄 県,1967
96,101331,全国,1968
97,5213,北 海 道,1968
98,1426,青 森 県,1968
99,1390,岩 手 県,1968
100,1789,宮 城 県,1968
101,1256,秋 田 県,1968
102,1240,山 形 県,1968
103,1955,福 島 県,1968
104,2079,茨 城 県,1968
105,1543,栃 木 県,1968
106,1629,群 馬 県,1968
107,3492,埼 玉 県,1968
108,3032,千 葉 県,1968
109,11286,東 京 都,1968
110,5024,神奈川県,1968
111,2376,新 潟 県,1968
112,1022,富 山 県,1968
113,989,石 川 県,1968
114,744,福 井 県,1968
115,761,山 梨 県,1968
116,1950,長 野 県,1968
117,1723,岐 阜 県,1968
118,3011,静 岡 県,1968
119,5124,愛 知 県,1968
120,1522,三 重 県,1968
121,865,滋 賀 県,1968
122,2187,京 都 府,1968
123,7213,大 阪 府,1968
124,4496,兵 庫 県,1968
125,877,奈 良 県,1968
126,1037,和歌山県,1968
127,571,鳥 取 県,1968
128,791,島 根 県,1968
129,1672,岡 山 県,1968
130,2367,広 島 県,1968
131,1515,山 口 県,1968
132,798,徳 島 県,1968
133,899,香 川 県,1968
134,1425,愛 媛 県,1968
135,796,高 知 県,1968
136,4009,福 岡 県,1968
137,856,佐 賀 県,1968
138,1613,長 崎 県,1968
139,1742,熊 本 県,1968
140,1164,大 分 県,1968
141,1069,宮 崎 県,1968
142,1792,鹿児島県,1968
143,　　 －,沖 縄 県,1968
144,102536,全国,1969
145,5210,北 海 道,1969
146,1429,青 森 県,1969
147,1382,岩 手 県,1969
148,1803,宮 城 県,1969
149,1249,秋 田 県,1969
150,1233,山 形 県,1969
151,1951,福 島 県,1969
152,2109,茨 城 県,1969
153,1559,栃 木 県,1969
154,1643,群 馬 県,1969
155,3670,埼 玉 県,1969
156,3195,千 葉 県,1969
157,11367,東 京 都,1969
158,5240,神奈川県,1969
159,2368,新 潟 県,1969
160,1025,富 山 県,1969
161,995,石 川 県,1969
162,743,福 井 県,1969
163,762,山 梨 県,1969
164,1953,長 野 県,1969
165,1739,岐 阜 県,1969
166,3049,静 岡 県,1969
167,5258,愛 知 県,1969
168,1532,三 重 県,1969
169,875,滋 賀 県,1969
170,2218,京 都 府,1969
171,7424,大 阪 府,1969
172,4584,兵 庫 県,1969
173,902,奈 良 県,1969
174,1040,和歌山県,1969
175,570,鳥 取 県,1969
176,782,島 根 県,1969
177,1686,岡 山 県,1969
178,2403,広 島 県,1969
179,1513,山 口 県,1969
180,794,徳 島 県,1969
181,903,香 川 県,1969
182,1421,愛 媛 県,1969
183,791,高 知 県,1969
184,4020,福 岡 県,1969
185,844,佐 賀 県,1969
186,1597,長 崎 県,1969
187,1725,熊 本 県,1969
188,1158,大 分 県,1969
189,1062,宮 崎 県,1969
190,1762,鹿児島県,1969
191,　　 －,沖 縄 県,1969
192,103720,全国,1970
193,5184,北 海 道,1970
194,1428,青 森 県,1970
195,1371,岩 手 県,1970
196,1819,宮 城 県,1970
197,1241,秋 田 県,1970
198,1226,山 形 県,1970
199,1946,福 島 県,1970
200,2144,茨 城 県,1970
201,1580,栃 木 県,1970
202,1659,群 馬 県,1970
203,3866,埼 玉 県,1970
204,3367,千 葉 県,1970
205,11408,東 京 都,1970
206,5472,神奈川県,1970
207,2361,新 潟 県,1970
208,1030,富 山 県,1970
209,1002,石 川 県,1970
210,744,福 井 県,1970
211,762,山 梨 県,1970
212,1957,長 野 県,1970
213,1759,岐 阜 県,1970
214,3090,静 岡 県,1970
215,5386,愛 知 県,1970
216,1543,三 重 県,1970
217,890,滋 賀 県,1970
218,2250,京 都 府,1970
219,7620,大 阪 府,1970
220,4668,兵 庫 県,1970
221,930,奈 良 県,1970
222,1043,和歌山県,1970
223,569,鳥 取 県,1970
224,774,島 根 県,1970
225,1707,岡 山 県,1970
226,2436,広 島 県,1970
227,1511,山 口 県,1970
228,791,徳 島 県,1970
229,908,香 川 県,1970
230,1418,愛 媛 県,1970
231,787,高 知 県,1970
232,4027,福 岡 県,1970
233,838,佐 賀 県,1970
234,1570,長 崎 県,1970
235,1700,熊 本 県,1970
236,1156,大 分 県,1970
237,1051,宮 崎 県,1970
238,1729,鹿児島県,1970
239,　　 －,沖 縄 県,1970
240,105145,全国,1971
241,5186,北 海 道,1971
242,1429,青 森 県,1971
243,1366,岩 手 県,1971
244,1839,宮 城 県,1971
245,1234,秋 田 県,1971
246,1219,山 形 県,1971
247,1942,福 島 県,1971
248,2180,茨 城 県,1971
249,1605,栃 木 県,1971
250,1676,群 馬 県,1971
251,4062,埼 玉 県,1971
252,3524,千 葉 県,1971
253,11520,東 京 都,1971
254,5712,神奈川県,1971
255,2357,新 潟 県,1971
256,1036,富 山 県,1971
257,1012,石 川 県,1971
258,748,福 井 県,1971
259,765,山 梨 県,1971
260,1966,長 野 県,1971
261,1780,岐 阜 県,1971
262,3137,静 岡 県,1971
263,5527,愛 知 県,1971
264,1558,三 重 県,1971
265,909,滋 賀 県,1971
266,2281,京 都 府,1971
267,7805,大 阪 府,1971
268,4740,兵 庫 県,1971
269,959,奈 良 県,1971
270,1047,和歌山県,1971
271,568,鳥 取 県,1971
272,767,島 根 県,1971
273,1732,岡 山 県,1971
274,2480,広 島 県,1971
275,1515,山 口 県,1971
276,791,徳 島 県,1971
277,916,香 川 県,1971
278,1423,愛 媛 県,1971
279,787,高 知 県,1971
280,4056,福 岡 県,1971
281,831,佐 賀 県,1971
282,1560,長 崎 県,1971
283,1681,熊 本 県,1971
284,1163,大 分 県,1971
285,1046,宮 崎 県,1971
286,1710,鹿児島県,1971
287,　　 －,沖 縄 県,1971
288,107595,全国,1972
289,5205,北 海 道,1972
290,1436,青 森 県,1972
291,1366,岩 手 県,1972
292,1861,宮 城 県,1972
293,1230,秋 田 県,1972
294,1215,山 形 県,1972
295,1943,福 島 県,1972
296,2210,茨 城 県,1972
297,1627,栃 木 県,1972
298,1695,群 馬 県,1972
299,4266,埼 玉 県,1972
300,3677,千 葉 県,1972
301,11611,東 京 都,1972
302,5926,神奈川県,1972
303,2358,新 潟 県,1972
304,1044,富 山 県,1972
305,1024,石 川 県,1972
306,753,福 井 県,1972
307,769,山 梨 県,1972
308,1977,長 野 県,1972
309,1803,岐 阜 県,1972
310,3180,静 岡 県,1972
311,5645,愛 知 県,1972
312,1575,三 重 県,1972
313,925,滋 賀 県,1972
314,2323,京 都 府,1972
315,7962,大 阪 府,1972
316,4813,兵 庫 県,1972
317,993,奈 良 県,1972
318,1054,和歌山県,1972
319,570,鳥 取 県,1972
320,764,島 根 県,1972
321,1753,岡 山 県,1972
322,2529,広 島 県,1972
323,1523,山 口 県,1972
324,794,徳 島 県,1972
325,926,香 川 県,1972
326,1431,愛 媛 県,1972
327,792,高 知 県,1972
328,4100,福 岡 県,1972
329,827,佐 賀 県,1972
330,1555,長 崎 県,1972
331,1673,熊 本 県,1972
332,1167,大 分 県,1972
333,1049,宮 崎 県,1972
334,1705,鹿児島県,1972
335,970,沖 縄 県,1972
336,109104,全国,1973
337,5234,北 海 道,1973
338,1444,青 森 県,1973
339,1369,岩 手 県,1973
340,1891,宮 城 県,1973
341,1227,秋 田 県,1973
342,1214,山 形 県,1973
343,1949,福 島 県,1973
344,2251,茨 城 県,1973
345,1653,栃 木 県,1973
346,1718,群 馬 県,1973
347,4475,埼 玉 県,1973
348,3844,千 葉 県,1973
349,11639,東 京 都,1973
350,6107,神奈川県,1973
351,2365,新 潟 県,1973
352,1053,富 山 県,1973
353,1040,石 川 県,1973
354,761,福 井 県,1973
355,773,山 梨 県,1973
356,1991,長 野 県,1973
357,1826,岐 阜 県,1973
358,3230,静 岡 県,1973
359,5757,愛 知 県,1973
360,1592,三 重 県,1973
361,944,滋 賀 県,1973
362,2364,京 都 府,1973
363,8083,大 阪 府,1973
364,4880,兵 庫 県,1973
365,1029,奈 良 県,1973
366,1060,和歌山県,1973
367,573,鳥 取 県,1973
368,766,島 根 県,1973
369,1772,岡 山 県,1973
370,2577,広 島 県,1973
371,1532,山 口 県,1973
372,797,徳 島 県,1973
373,938,香 川 県,1973
374,1440,愛 媛 県,1973
375,798,高 知 県,1973
376,4156,福 岡 県,1973
377,827,佐 賀 県,1973
378,1554,長 崎 県,1973
379,1681,熊 本 県,1973
380,1171,大 分 県,1973
381,1057,宮 崎 県,1973
382,1708,鹿児島県,1973
383,995,沖 縄 県,1973
384,110573,全国,1974
385,5283,北 海 道,1974
386,1454,青 森 県,1974
387,1375,岩 手 県,1974
388,1924,宮 城 県,1974
389,1228,秋 田 県,1974
390,1216,山 形 県,1974
391,1960,福 島 県,1974
392,2298,茨 城 県,1974
393,1678,栃 木 県,1974
394,1740,群 馬 県,1974
395,4658,埼 玉 県,1974
396,4007,千 葉 県,1974
397,11647,東 京 都,1974
398,6264,神奈川県,1974
399,2377,新 潟 県,1974
400,1063,富 山 県,1974
401,1056,石 川 県,1974
402,768,福 井 県,1974
403,778,山 梨 県,1974
404,2006,長 野 県,1974
405,1848,岐 阜 県,1974
406,3273,静 岡 県,1974
407,5851,愛 知 県,1974
408,1610,三 重 県,1974
409,966,滋 賀 県,1974
410,2396,京 都 府,1974
411,8190,大 阪 府,1974
412,4941,兵 庫 県,1974
413,1056,奈 良 県,1974
414,1066,和歌山県,1974
415,578,鳥 取 県,1974
416,767,島 根 県,1974
417,1795,岡 山 県,1974
418,2615,広 島 県,1974
419,1542,山 口 県,1974
420,801,徳 島 県,1974
421,951,香 川 県,1974
422,1452,愛 媛 県,1974
423,802,高 知 県,1974
424,4215,福 岡 県,1974
425,832,佐 賀 県,1974
426,1562,長 崎 県,1974
427,1697,熊 本 県,1974
428,1179,大 分 県,1974
429,1072,宮 崎 県,1974
430,1714,鹿児島県,1974
431,1021,沖 縄 県,1974
432,111940,全国,1975
433,5338,北 海 道,1975
434,1469,青 森 県,1975
435,1386,岩 手 県,1975
436,1955,宮 城 県,1975
437,1232,秋 田 県,1975
438,1220,山 形 県,1975
439,1971,福 島 県,1975
440,2342,茨 城 県,1975
441,1698,栃 木 県,1975
442,1756,群 馬 県,1975
443,4821,埼 玉 県,1975
444,4149,千 葉 県,1975
445,11674,東 京 都,1975
446,6398,神奈川県,1975
447,2392,新 潟 県,1975
448,1071,富 山 県,1975
449,1070,石 川 県,1975
450,774,福 井 県,1975
451,783,山 梨 県,1975
452,2018,長 野 県,1975
453,1868,岐 阜 県,1975
454,3309,静 岡 県,1975
455,5924,愛 知 県,1975
456,1626,三 重 県,1975
457,986,滋 賀 県,1975
458,2425,京 都 府,1975
459,8279,大 阪 府,1975
460,4992,兵 庫 県,1975
461,1077,奈 良 県,1975
462,1072,和歌山県,1975
463,581,鳥 取 県,1975
464,769,島 根 県,1975
465,1814,岡 山 県,1975
466,2646,広 島 県,1975
467,1555,山 口 県,1975
468,805,徳 島 県,1975
469,961,香 川 県,1975
470,1465,愛 媛 県,1975
471,808,高 知 県,1975
472,4293,福 岡 県,1975
473,838,佐 賀 県,1975
474,1572,長 崎 県,1975
475,1715,熊 本 県,1975
476,1190,大 分 県,1975
477,1085,宮 崎 県,1975
478,1724,鹿児島県,1975
479,1043,沖 縄 県,1975
480,113094,全国,1976
481,5395,北 海 道,1976
482,1484,青 森 県,1976
483,1395,岩 手 県,1976
484,1984,宮 城 県,1976
485,1239,秋 田 県,1976
486,1227,山 形 県,1976
487,1984,福 島 県,1976
488,2380,茨 城 県,1976
489,1717,栃 木 県,1976
490,1778,群 馬 県,1976
491,4964,埼 玉 県,1976
492,4267,千 葉 県,1976
493,11674,東 京 都,1976
494,6510,神奈川県,1976
495,2406,新 潟 県,1976
496,1079,富 山 県,1976
497,1082,石 川 県,1976
498,779,福 井 県,1976
499,787,山 梨 県,1976
500,2033,長 野 県,1976
501,1889,岐 阜 県,1976
502,3341,静 岡 県,1976
503,5988,愛 知 県,1976
504,1638,三 重 県,1976
505,1006,滋 賀 県,1976
506,2452,京 都 府,1976
507,8330,大 阪 府,1976
508,5029,兵 庫 県,1976
509,1098,奈 良 県,1976
510,1077,和歌山県,1976
511,586,鳥 取 県,1976
512,771,島 根 県,1976
513,1829,岡 山 県,1976
514,2670,広 島 県,1976
515,1564,山 口 県,1976
516,809,徳 島 県,1976
517,970,香 川 県,1976
518,1476,愛 媛 県,1976
519,814,高 知 県,1976
520,4353,福 岡 県,1976
521,842,佐 賀 県,1976
522,1576,長 崎 県,1976
523,1731,熊 本 県,1976
524,1199,大 分 県,1976
525,1100,宮 崎 県,1976
526,1735,鹿児島県,1976
527,1058,沖 縄 県,1976
528,114165,全国,1977
529,5443,北 海 道,1977
530,1496,青 森 県,1977
531,1401,岩 手 県,1977
532,2008,宮 城 県,1977
533,1245,秋 田 県,1977
534,1234,山 形 県,1977
535,1998,福 島 県,1977
536,2417,茨 城 県,1977
537,1736,栃 木 県,1977
538,1799,群 馬 県,1977
539,5091,埼 玉 県,1977
540,4382,千 葉 県,1977
541,11669,東 京 都,1977
542,6616,神奈川県,1977
543,2417,新 潟 県,1977
544,1085,富 山 県,1977
545,1091,石 川 県,1977
546,783,福 井 県,1977
547,792,山 梨 県,1977
548,2048,長 野 県,1977
549,1909,岐 阜 県,1977
550,3368,静 岡 県,1977
551,6052,愛 知 県,1977
552,1649,三 重 県,1977
553,1026,滋 賀 県,1977
554,2474,京 都 府,1977
555,8373,大 阪 府,1977
556,5063,兵 庫 県,1977
557,1124,奈 良 県,1977
558,1080,和歌山県,1977
559,591,鳥 取 県,1977
560,775,島 根 県,1977
561,1840,岡 山 県,1977
562,2689,広 島 県,1977
563,1573,山 口 県,1977
564,813,徳 島 県,1977
565,979,香 川 県,1977
566,1486,愛 媛 県,1977
567,819,高 知 県,1977
568,4411,福 岡 県,1977
569,848,佐 賀 県,1977
570,1582,長 崎 県,1977
571,1747,熊 本 県,1977
572,1207,大 分 県,1977
573,1114,宮 崎 県,1977
574,1747,鹿児島県,1977
575,1071,沖 縄 県,1977
576,115190,全国,1978
577,5490,北 海 道,1978
578,1507,青 森 県,1978
579,1409,岩 手 県,1978
580,2032,宮 城 県,1978
581,1250,秋 田 県,1978
582,1241,山 形 県,1978
583,2012,福 島 県,1978
584,2463,茨 城 県,1978
585,1753,栃 木 県,1978
586,1817,群 馬 県,1978
587,5208,埼 玉 県,1978
588,4508,千 葉 県,1978
589,11659,東 京 都,1978
590,6728,神奈川県,1978
591,2428,新 潟 県,1978
592,1092,富 山 県,1978
593,1100,石 川 県,1978
594,787,福 井 県,1978
595,796,山 梨 県,1978
596,2062,長 野 県,1978
597,1927,岐 阜 県,1978
598,3396,静 岡 県,1978
599,6115,愛 知 県,1978
600,1661,三 重 県,1978
601,1043,滋 賀 県,1978
602,2494,京 都 府,1978
603,8412,大 阪 府,1978
604,5093,兵 庫 県,1978
605,1152,奈 良 県,1978
606,1084,和歌山県,1978
607,595,鳥 取 県,1978
608,779,島 根 県,1978
609,1850,岡 山 県,1978
610,2703,広 島 県,1978
611,1579,山 口 県,1978
612,818,徳 島 県,1978
613,986,香 川 県,1978
614,1493,愛 媛 県,1978
615,824,高 知 県,1978
616,4460,福 岡 県,1978
617,854,佐 賀 県,1978
618,1587,長 崎 県,1978
619,1763,熊 本 県,1978
620,1215,大 分 県,1978
621,1127,宮 崎 県,1978
622,1760,鹿児島県,1978
623,1081,沖 縄 県,1978
624,116155,全国,1979
625,5535,北 海 道,1979
626,1516,青 森 県,1979
627,1416,岩 手 県,1979
628,2059,宮 城 県,1979
629,1254,秋 田 県,1979
630,1247,山 形 県,1979
631,2023,福 島 県,1979
632,2510,茨 城 県,1979
633,1775,栃 木 県,1979
634,1833,群 馬 県,1979
635,5318,埼 玉 県,1979
636,4626,千 葉 県,1979
637,11637,東 京 都,1979
638,6832,神奈川県,1979
639,2439,新 潟 県,1979
640,1098,富 山 県,1979
641,1110,石 川 県,1979
642,791,福 井 県,1979
643,800,山 梨 県,1979
644,2074,長 野 県,1979
645,1943,岐 阜 県,1979
646,3423,静 岡 県,1979
647,6171,愛 知 県,1979
648,1672,三 重 県,1979
649,1061,滋 賀 県,1979
650,2512,京 都 府,1979
651,8445,大 阪 府,1979
652,5119,兵 庫 県,1979
653,1181,奈 良 県,1979
654,1086,和歌山県,1979
655,600,鳥 取 県,1979
656,782,島 根 県,1979
657,1861,岡 山 県,1979
658,2717,広 島 県,1979
659,1583,山 口 県,1979
660,822,徳 島 県,1979
661,993,香 川 県,1979
662,1500,愛 媛 県,1979
663,829,高 知 県,1979
664,4506,福 岡 県,1979
665,860,佐 賀 県,1979
666,1588,長 崎 県,1979
667,1777,熊 本 県,1979
668,1223,大 分 県,1979
669,1141,宮 崎 県,1979
670,1773,鹿児島県,1979
671,1094,沖 縄 県,1979
672,117060,全国,1980
673,5576,北 海 道,1980
674,1524,青 森 県,1980
675,1422,岩 手 県,1980
676,2082,宮 城 県,1980
677,1257,秋 田 県,1980
678,1252,山 形 県,1980
679,2035,福 島 県,1980
680,2558,茨 城 県,1980
681,1792,栃 木 県,1980
682,1849,群 馬 県,1980
683,5420,埼 玉 県,1980
684,4735,千 葉 県,1980
685,11618,東 京 都,1980
686,6924,神奈川県,1980
687,2451,新 潟 県,1980
688,1103,富 山 県,1980
689,1119,石 川 県,1980
690,794,福 井 県,1980
691,804,山 梨 県,1980
692,2084,長 野 県,1980
693,1960,岐 阜 県,1980
694,3447,静 岡 県,1980
695,6222,愛 知 県,1980
696,1687,三 重 県,1980
697,1080,滋 賀 県,1980
698,2527,京 都 府,1980
699,8473,大 阪 府,1980
700,5145,兵 庫 県,1980
701,1209,奈 良 県,1980
702,1087,和歌山県,1980
703,604,鳥 取 県,1980
704,785,島 根 県,1980
705,1871,岡 山 県,1980
706,2739,広 島 県,1980
707,1587,山 口 県,1980
708,825,徳 島 県,1980
709,1000,香 川 県,1980
710,1507,愛 媛 県,1980
711,831,高 知 県,1980
712,4553,福 岡 県,1980
713,866,佐 賀 県,1980
714,1591,長 崎 県,1980
715,1790,熊 本 県,1980
716,1229,大 分 県,1980
717,1152,宮 崎 県,1980
718,1785,鹿児島県,1980
719,1107,沖 縄 県,1980
720,117902,全国,1981
721,5605,北 海 道,1981
722,1526,青 森 県,1981
723,1426,岩 手 県,1981
724,2104,宮 城 県,1981
725,1259,秋 田 県,1981
726,1255,山 形 県,1981
727,2043,福 島 県,1981
728,2595,茨 城 県,1981
729,1807,栃 木 県,1981
730,1864,群 馬 県,1981
731,5520,埼 玉 県,1981
732,4834,千 葉 県,1981
733,11626,東 京 都,1981
734,7022,神奈川県,1981
735,2459,新 潟 県,1981
736,1106,富 山 県,1981
737,1127,石 川 県,1981
738,798,福 井 県,1981
739,809,山 梨 県,1981
740,2093,長 野 県,1981
741,1975,岐 阜 県,1981
742,3472,静 岡 県,1981
743,6266,愛 知 県,1981
744,1702,三 重 県,1981
745,1097,滋 賀 県,1981
746,2539,京 都 府,1981
747,8509,大 阪 府,1981
748,5171,兵 庫 県,1981
749,1233,奈 良 県,1981
750,1088,和歌山県,1981
751,607,鳥 取 県,1981
752,787,島 根 県,1981
753,1881,岡 山 県,1981
754,2761,広 島 県,1981
755,1592,山 口 県,1981
756,827,徳 島 県,1981
757,1005,香 川 県,1981
758,1512,愛 媛 県,1981
759,833,高 知 県,1981
760,4594,福 岡 県,1981
761,869,佐 賀 県,1981
762,1594,長 崎 県,1981
763,1802,熊 本 県,1981
764,1234,大 分 県,1981
765,1158,宮 崎 県,1981
766,1794,鹿児島県,1981
767,1119,沖 縄 県,1981
768,118728,全国,1982
769,5630,北 海 道,1982
770,1527,青 森 県,1982
771,1429,岩 手 県,1982
772,2125,宮 城 県,1982
773,1258,秋 田 県,1982
774,1257,山 形 県,1982
775,2052,福 島 県,1982
776,2636,茨 城 県,1982
777,1822,栃 木 県,1982
778,1879,群 馬 県,1982
779,5615,埼 玉 県,1982
780,4923,千 葉 県,1982
781,11650,東 京 都,1982
782,7127,神奈川県,1982
783,2465,新 潟 県,1982
784,1110,富 山 県,1982
785,1134,石 川 県,1982
786,803,福 井 県,1982
787,813,山 梨 県,1982
788,2102,長 野 県,1982
789,1990,岐 阜 県,1982
790,3498,静 岡 県,1982
791,6309,愛 知 県,1982
792,1716,三 重 県,1982
793,1112,滋 賀 県,1982
794,2553,京 都 府,1982
795,8543,大 阪 府,1982
796,5198,兵 庫 県,1982
797,1254,奈 良 県,1982
798,1090,和歌山県,1982
799,610,鳥 取 県,1982
800,790,島 根 県,1982
801,1891,岡 山 県,1982
802,2777,広 島 県,1982
803,1597,山 口 県,1982
804,830,徳 島 県,1982
805,1010,香 川 県,1982
806,1517,愛 媛 県,1982
807,836,高 知 県,1982
808,4632,福 岡 県,1982
809,873,佐 賀 県,1982
810,1595,長 崎 県,1982
811,1811,熊 本 県,1982
812,1239,大 分 県,1982
813,1166,宮 崎 県,1982
814,1801,鹿児島県,1982
815,1132,沖 縄 県,1982
816,119536,全国,1983
817,5656,北 海 道,1983
818,1528,青 森 県,1983
819,1432,岩 手 県,1983
820,2144,宮 城 県,1983
821,1256,秋 田 県,1983
822,1258,山 形 県,1983
823,2061,福 島 県,1983
824,2670,茨 城 県,1983
825,1835,栃 木 県,1983
826,1893,群 馬 県,1983
827,5700,埼 玉 県,1983
828,5005,千 葉 県,1983
829,11700,東 京 都,1983
830,7227,神奈川県,1983
831,2469,新 潟 県,1983
832,1113,富 山 県,1983
833,1141,石 川 県,1983
834,809,福 井 県,1983
835,820,山 梨 県,1983
836,2112,長 野 県,1983
837,2004,岐 阜 県,1983
838,3522,静 岡 県,1983
839,6353,愛 知 県,1983
840,1728,三 重 県,1983
841,1127,滋 賀 県,1983
842,2569,京 都 府,1983
843,8588,大 阪 府,1983
844,5227,兵 庫 県,1983
845,1273,奈 良 県,1983
846,1090,和歌山県,1983
847,612,鳥 取 県,1983
848,790,島 根 県,1983
849,1901,岡 山 県,1983
850,2793,広 島 県,1983
851,1600,山 口 県,1983
852,831,徳 島 県,1983
853,1014,香 川 県,1983
854,1522,愛 媛 県,1983
855,838,高 知 県,1983
856,4667,福 岡 県,1983
857,876,佐 賀 県,1983
858,1596,長 崎 県,1983
859,1820,熊 本 県,1983
860,1243,大 分 県,1983
861,1170,宮 崎 県,1983
862,1807,鹿児島県,1983
863,1146,沖 縄 県,1983
864,120305,全国,1984
865,5672,北 海 道,1984
866,1527,青 森 県,1984
867,1433,岩 手 県,1984
868,2161,宮 城 県,1984
869,1255,秋 田 県,1984
870,1260,山 形 県,1984
871,2071,福 島 県,1984
872,2698,茨 城 県,1984
873,1850,栃 木 県,1984
874,1908,群 馬 県,1984
875,5784,埼 玉 県,1984
876,5079,千 葉 県,1984
877,11759,東 京 都,1984
878,7328,神奈川県,1984
879,2474,新 潟 県,1984
880,1116,富 山 県,1984
881,1147,石 川 県,1984
882,813,福 井 県,1984
883,826,山 梨 県,1984
884,2125,長 野 県,1984
885,2017,岐 阜 県,1984
886,3547,静 岡 県,1984
887,6401,愛 知 県,1984
888,1737,三 重 県,1984
889,1141,滋 賀 県,1984
890,2578,京 都 府,1984
891,8632,大 阪 府,1984
892,5252,兵 庫 県,1984
893,1290,奈 良 県,1984
894,1088,和歌山県,1984
895,614,鳥 取 県,1984
896,793,島 根 県,1984
897,1909,岡 山 県,1984
898,2807,広 島 県,1984
899,1601,山 口 県,1984
900,834,徳 島 県,1984
901,1018,香 川 県,1984
902,1526,愛 媛 県,1984
903,839,高 知 県,1984
904,4697,福 岡 県,1984
905,878,佐 賀 県,1984
906,1595,長 崎 県,1984
907,1830,熊 本 県,1984
908,1248,大 分 県,1984
909,1173,宮 崎 県,1984
910,1814,鹿児島県,1984
911,1161,沖 縄 県,1984
912,121049,全国,1985
913,5679,北 海 道,1985
914,1524,青 森 県,1985
915,1434,岩 手 県,1985
916,2176,宮 城 県,1985
917,1254,秋 田 県,1985
918,1262,山 形 県,1985
919,2080,福 島 県,1985
920,2725,茨 城 県,1985
921,1866,栃 木 県,1985
922,1921,群 馬 県,1985
923,5864,埼 玉 県,1985
924,5148,千 葉 県,1985
925,11829,東 京 都,1985
926,7432,神奈川県,1985
927,2478,新 潟 県,1985
928,1118,富 山 県,1985
929,1152,石 川 県,1985
930,818,福 井 県,1985
931,833,山 梨 県,1985
932,2137,長 野 県,1985
933,2029,岐 阜 県,1985
934,3575,静 岡 県,1985
935,6455,愛 知 県,1985
936,1747,三 重 県,1985
937,1156,滋 賀 県,1985
938,2587,京 都 府,1985
939,8668,大 阪 府,1985
940,5278,兵 庫 県,1985
941,1305,奈 良 県,1985
942,1087,和歌山県,1985
943,616,鳥 取 県,1985
944,795,島 根 県,1985
945,1917,岡 山 県,1985
946,2819,広 島 県,1985
947,1602,山 口 県,1985
948,835,徳 島 県,1985
949,1023,香 川 県,1985
950,1530,愛 媛 県,1985
951,840,高 知 県,1985
952,4719,福 岡 県,1985
953,880,佐 賀 県,1985
954,1594,長 崎 県,1985
955,1838,熊 本 県,1985
956,1250,大 分 県,1985
957,1176,宮 崎 県,1985
958,1819,鹿児島県,1985
959,1179,沖 縄 県,1985
960,121660,全国,1986
961,5673,北 海 道,1986
962,1517,青 森 県,1986
963,1431,岩 手 県,1986
964,2190,宮 城 県,1986
965,1249,秋 田 県,1986
966,1262,山 形 県,1986
967,2085,福 島 県,1986
968,2746,茨 城 県,1986
969,1880,栃 木 県,1986
970,1931,群 馬 県,1986
971,5954,埼 玉 県,1986
972,5219,千 葉 県,1986
973,11888,東 京 都,1986
974,7553,神奈川県,1986
975,2478,新 潟 県,1986
976,1119,富 山 県,1986
977,1155,石 川 県,1986
978,819,福 井 県,1986
979,837,山 梨 県,1986
980,2143,長 野 県,1986
981,2036,岐 阜 県,1986
982,3597,静 岡 県,1986
983,6512,愛 知 県,1986
984,1756,三 重 県,1986
985,1166,滋 賀 県,1986
986,2595,京 都 府,1986
987,8705,大 阪 府,1986
988,5300,兵 庫 県,1986
989,1318,奈 良 県,1986
990,1083,和歌山県,1986
991,616,鳥 取 県,1986
992,793,島 根 県,1986
993,1921,岡 山 県,1986
994,2829,広 島 県,1986
995,1598,山 口 県,1986
996,835,徳 島 県,1986
997,1024,香 川 県,1986
998,1528,愛 媛 県,1986
999,838,高 知 県,1986
1000,4741,福 岡 県,1986
1001,880,佐 賀 県,1986
1002,1589,長 崎 県,1986
1003,1840,熊 本 県,1986
1004,1249,大 分 県,1986
1005,1174,宮 崎 県,1986
1006,1816,鹿児島県,1986
1007,1188,沖 縄 県,1986
1008,122239,全国,1987
1009,5660,北 海 道,1987
1010,1511,青 森 県,1987
1011,1427,岩 手 県,1987
1012,2206,宮 城 県,1987
1013,1244,秋 田 県,1987
1014,1262,山 形 県,1987
1015,2091,福 島 県,1987
1016,2769,茨 城 県,1987
1017,1895,栃 木 県,1987
1018,1941,群 馬 県,1987
1019,6071,埼 玉 県,1987
1020,5307,千 葉 県,1987
1021,11887,東 京 都,1987
1022,7684,神奈川県,1987
1023,2477,新 潟 県,1987
1024,1120,富 山 県,1987
1025,1158,石 川 県,1987
1026,822,福 井 県,1987
1027,841,山 梨 県,1987
1028,2148,長 野 県,1987
1029,2044,岐 阜 県,1987
1030,3619,静 岡 県,1987
1031,6566,愛 知 県,1987
1032,1765,三 重 県,1987
1033,1178,滋 賀 県,1987
1034,2601,京 都 府,1987
1035,8737,大 阪 府,1987
1036,5319,兵 庫 県,1987
1037,1333,奈 良 県,1987
1038,1079,和歌山県,1987
1039,616,鳥 取 県,1987
1040,792,島 根 県,1987
1041,1924,岡 山 県,1987
1042,2834,広 島 県,1987
1043,1592,山 口 県,1987
1044,835,徳 島 県,1987
1045,1024,香 川 県,1987
1046,1525,愛 媛 県,1987
1047,836,高 知 県,1987
1048,4756,福 岡 県,1987
1049,880,佐 賀 県,1987
1050,1584,長 崎 県,1987
1051,1842,熊 本 県,1987
1052,1247,大 分 県,1987
1053,1174,宮 崎 県,1987
1054,1816,鹿児島県,1987
1055,1199,沖 縄 県,1987
1056,122745,全国,1988
1057,5656,北 海 道,1988
1058,1502,青 森 県,1988
1059,1424,岩 手 県,1988
1060,2221,宮 城 県,1988
1061,1238,秋 田 県,1988
1062,1262,山 形 県,1988
1063,2095,福 島 県,1988
1064,2795,茨 城 県,1988
1065,1908,栃 木 県,1988
1066,1949,群 馬 県,1988
1067,6195,埼 玉 県,1988
1068,5403,千 葉 県,1988
1069,11873,東 京 都,1988
1070,7794,神奈川県,1988
1071,2476,新 潟 県,1988
1072,1120,富 山 県,1988
1073,1160,石 川 県,1988
1074,822,福 井 県,1988
1075,845,山 梨 県,1988
1076,2149,長 野 県,1988
1077,2051,岐 阜 県,1988
1078,3639,静 岡 県,1988
1079,6606,愛 知 県,1988
1080,1772,三 重 県,1988
1081,1191,滋 賀 県,1988
1082,2604,京 都 府,1988
1083,8748,大 阪 府,1988
1084,5344,兵 庫 県,1988
1085,1347,奈 良 県,1988
1086,1076,和歌山県,1988
1087,617,鳥 取 県,1988
1088,789,島 根 県,1988
1089,1925,岡 山 県,1988
1090,2838,広 島 県,1988
1091,1587,山 口 県,1988
1092,834,徳 島 県,1988
1093,1025,香 川 県,1988
1094,1522,愛 媛 県,1988
1095,833,高 知 県,1988
1096,4773,福 岡 県,1988
1097,880,佐 賀 県,1988
1098,1578,長 崎 県,1988
1099,1842,熊 本 県,1988
1100,1243,大 分 県,1988
1101,1173,宮 崎 県,1988
1102,1812,鹿児島県,1988
1103,1208,沖 縄 県,1988
1104,123205,全国,1989
1105,5649,北 海 道,1989
1106,1492,青 森 県,1989
1107,1419,岩 手 県,1989
1108,2236,宮 城 県,1989
1109,1232,秋 田 県,1989
1110,1260,山 形 県,1989
1111,2100,福 島 県,1989
1112,2822,茨 城 県,1989
1113,1921,栃 木 県,1989
1114,1959,群 馬 県,1989
1115,6308,埼 玉 県,1989
1116,5487,千 葉 県,1989
1117,11863,東 京 都,1989
1118,7891,神奈川県,1989
1119,2476,新 潟 県,1989
1120,1121,富 山 県,1989
1121,1163,石 川 県,1989
1122,823,福 井 県,1989
1123,849,山 梨 県,1989
1124,2153,長 野 県,1989
1125,2058,岐 阜 県,1989
1126,3657,静 岡 県,1989
1127,6649,愛 知 県,1989
1128,1782,三 重 県,1989
1129,1206,滋 賀 県,1989
1130,2604,京 都 府,1989
1131,8744,大 阪 府,1989
1132,5372,兵 庫 県,1989
1133,1363,奈 良 県,1989
1134,1074,和歌山県,1989
1135,616,鳥 取 県,1989
1136,785,島 根 県,1989
1137,1925,岡 山 県,1989
1138,2843,広 島 県,1989
1139,1581,山 口 県,1989
1140,833,徳 島 県,1989
1141,1023,香 川 県,1989
1142,1519,愛 媛 県,1989
1143,830,高 知 県,1989
1144,4793,福 岡 県,1989
1145,879,佐 賀 県,1989
1146,1570,長 崎 県,1989
1147,1841,熊 本 県,1989
1148,1240,大 分 県,1989
1149,1172,宮 崎 県,1989
1150,1805,鹿児島県,1989
1151,1215,沖 縄 県,1989
1152,123611,全国,1990
1153,5644,北 海 道,1990
1154,1483,青 森 県,1990
1155,1417,岩 手 県,1990
1156,2249,宮 城 県,1990
1157,1227,秋 田 県,1990
1158,1258,山 形 県,1990
1159,2104,福 島 県,1990
1160,2845,茨 城 県,1990
1161,1935,栃 木 県,1990
1162,1966,群 馬 県,1990
1163,6405,埼 玉 県,1990
1164,5555,千 葉 県,1990
1165,11856,東 京 都,1990
1166,7980,神奈川県,1990
1167,2475,新 潟 県,1990
1168,1120,富 山 県,1990
1169,1165,石 川 県,1990
1170,824,福 井 県,1990
1171,853,山 梨 県,1990
1172,2157,長 野 県,1990
1173,2067,岐 阜 県,1990
1174,3671,静 岡 県,1990
1175,6691,愛 知 県,1990
1176,1793,三 重 県,1990
1177,1222,滋 賀 県,1990
1178,2602,京 都 府,1990
1179,8735,大 阪 府,1990
1180,5405,兵 庫 県,1990
1181,1375,奈 良 県,1990
1182,1074,和歌山県,1990
1183,616,鳥 取 県,1990
1184,781,島 根 県,1990
1185,1926,岡 山 県,1990
1186,2850,広 島 県,1990
1187,1573,山 口 県,1990
1188,832,徳 島 県,1990
1189,1023,香 川 県,1990
1190,1515,愛 媛 県,1990
1191,825,高 知 県,1990
1192,4811,福 岡 県,1990
1193,878,佐 賀 県,1990
1194,1563,長 崎 県,1990
1195,1840,熊 本 県,1990
1196,1237,大 分 県,1990
1197,1169,宮 崎 県,1990
1198,1798,鹿児島県,1990
1199,1222,沖 縄 県,1990
1200,124101,全国,1991
1201,5650,北 海 道,1991
1202,1479,青 森 県,1991
1203,1416,岩 手 県,1991
1204,2267,宮 城 県,1991
1205,1223,秋 田 県,1991
1206,1257,山 形 県,1991
1207,2109,福 島 県,1991
1208,2871,茨 城 県,1991
1209,1948,栃 木 県,1991
1210,1974,群 馬 県,1991
1211,6486,埼 玉 県,1991
1212,5617,千 葉 県,1991
1213,11894,東 京 都,1991
1214,8050,神奈川県,1991
1215,2475,新 潟 県,1991
1216,1121,富 山 県,1991
1217,1167,石 川 県,1991
1218,823,福 井 県,1991
1219,860,山 梨 県,1991
1220,2162,長 野 県,1991
1221,2073,岐 阜 県,1991
1222,3687,静 岡 県,1991
1223,6729,愛 知 県,1991
1224,1803,三 重 県,1991
1225,1235,滋 賀 県,1991
1226,2608,京 都 府,1991
1227,8750,大 阪 府,1991
1228,5426,兵 庫 県,1991
1229,1388,奈 良 県,1991
1230,1076,和歌山県,1991
1231,615,鳥 取 県,1991
1232,778,島 根 県,1991
1233,1930,岡 山 県,1991
1234,2859,広 島 県,1991
1235,1569,山 口 県,1991
1236,831,徳 島 県,1991
1237,1023,香 川 県,1991
1238,1513,愛 媛 県,1991
1239,822,高 知 県,1991
1240,4834,福 岡 県,1991
1241,878,佐 賀 県,1991
1242,1557,長 崎 県,1991
1243,1844,熊 本 県,1991
1244,1235,大 分 県,1991
1245,1167,宮 崎 県,1991
1246,1793,鹿児島県,1991
1247,1230,沖 縄 県,1991
1248,124567,全国,1992
1249,5661,北 海 道,1992
1250,1476,青 森 県,1992
1251,1416,岩 手 県,1992
1252,2283,宮 城 県,1992
1253,1220,秋 田 県,1992
1254,1257,山 形 県,1992
1255,2116,福 島 県,1992
1256,2898,茨 城 県,1992
1257,1959,栃 木 県,1992
1258,1984,群 馬 県,1992
1259,6567,埼 玉 県,1992
1260,5679,千 葉 県,1992
1261,11887,東 京 都,1992
1262,8116,神奈川県,1992
1263,2476,新 潟 県,1992
1264,1120,富 山 県,1992
1265,1171,石 川 県,1992
1266,823,福 井 県,1992
1267,865,山 梨 県,1992
1268,2169,長 野 県,1992
1269,2082,岐 阜 県,1992
1270,3704,静 岡 県,1992
1271,6776,愛 知 県,1992
1272,1814,三 重 県,1992
1273,1248,滋 賀 県,1992
1274,2615,京 都 府,1992
1275,8761,大 阪 府,1992
1276,5443,兵 庫 県,1992
1277,1400,奈 良 県,1992
1278,1076,和歌山県,1992
1279,615,鳥 取 県,1992
1280,775,島 根 県,1992
1281,1935,岡 山 県,1992
1282,2867,広 島 県,1992
1283,1565,山 口 県,1992
1284,830,徳 島 県,1992
1285,1024,香 川 県,1992
1286,1511,愛 媛 県,1992
1287,819,高 知 県,1992
1288,4859,福 岡 県,1992
1289,879,佐 賀 県,1992
1290,1552,長 崎 県,1992
1291,1846,熊 本 県,1992
1292,1233,大 分 県,1992
1293,1167,宮 崎 県,1992
1294,1789,鹿児島県,1992
1295,1239,沖 縄 県,1992
1296,124938,全国,1993
1297,5669,北 海 道,1993
1298,1476,青 森 県,1993
1299,1417,岩 手 県,1993
1300,2299,宮 城 県,1993
1301,1217,秋 田 県,1993
1302,1256,山 形 県,1993
1303,2123,福 島 県,1993
1304,2920,茨 城 県,1993
1305,1969,栃 木 県,1993
1306,1990,群 馬 県,1993
1307,6640,埼 玉 県,1993
1308,5731,千 葉 県,1993
1309,11849,東 京 都,1993
1310,8166,神奈川県,1993
1311,2479,新 潟 県,1993
1312,1121,富 山 県,1993
1313,1173,石 川 県,1993
1314,824,福 井 県,1993
1315,871,山 梨 県,1993
1316,2175,長 野 県,1993
1317,2089,岐 阜 県,1993
1318,3716,静 岡 県,1993
1319,6810,愛 知 県,1993
1320,1823,三 重 県,1993
1321,1261,滋 賀 県,1993
1322,2618,京 都 府,1993
1323,8762,大 阪 府,1993
1324,5457,兵 庫 県,1993
1325,1412,奈 良 県,1993
1326,1077,和歌山県,1993
1327,614,鳥 取 県,1993
1328,773,島 根 県,1993
1329,1940,岡 山 県,1993
1330,2873,広 島 県,1993
1331,1561,山 口 県,1993
1332,831,徳 島 県,1993
1333,1025,香 川 県,1993
1334,1508,愛 媛 県,1993
1335,817,高 知 県,1993
1336,4885,福 岡 県,1993
1337,880,佐 賀 県,1993
1338,1550,長 崎 県,1993
1339,1850,熊 本 県,1993
1340,1231,大 分 県,1993
1341,1171,宮 崎 県,1993
1342,1788,鹿児島県,1993
1343,1250,沖 縄 県,1993
1344,125265,全国,1994
1345,5681,北 海 道,1994
1346,1480,青 森 県,1994
1347,1418,岩 手 県,1994
1348,2313,宮 城 県,1994
1349,1216,秋 田 県,1994
1350,1256,山 形 県,1994
1351,2129,福 島 県,1994
1352,2940,茨 城 県,1994
1353,1977,栃 木 県,1994
1354,1996,群 馬 県,1994
1355,6703,埼 玉 県,1994
1356,5767,千 葉 県,1994
1357,11796,東 京 都,1994
1358,8207,神奈川県,1994
1359,2484,新 潟 県,1994
1360,1121,富 山 県,1994
1361,1176,石 川 県,1994
1362,825,福 井 県,1994
1363,877,山 梨 県,1994
1364,2184,長 野 県,1994
1365,2095,岐 阜 県,1994
1366,3729,静 岡 県,1994
1367,6839,愛 知 県,1994
1368,1833,三 重 県,1994
1369,1273,滋 賀 県,1994
1370,2622,京 都 府,1994
1371,8759,大 阪 府,1994
1372,5469,兵 庫 県,1994
1373,1420,奈 良 県,1994
1374,1080,和歌山県,1994
1375,614,鳥 取 県,1994
1376,772,島 根 県,1994
1377,1945,岡 山 県,1994
1378,2877,広 島 県,1994
1379,1559,山 口 県,1994
1380,830,徳 島 県,1994
1381,1026,香 川 県,1994
1382,1508,愛 媛 県,1994
1383,817,高 知 県,1994
1384,4909,福 岡 県,1994
1385,883,佐 賀 県,1994
1386,1549,長 崎 県,1994
1387,1855,熊 本 県,1994
1388,1232,大 分 県,1994
1389,1174,宮 崎 県,1994
1390,1791,鹿児島県,1994
1391,1262,沖 縄 県,1994
1392,125570,全国,1995
1393,5692,北 海 道,1995
1394,1482,青 森 県,1995
1395,1420,岩 手 県,1995
1396,2329,宮 城 県,1995
1397,1214,秋 田 県,1995
1398,1257,山 形 県,1995
1399,2134,福 島 県,1995
1400,2956,茨 城 県,1995
1401,1984,栃 木 県,1995
1402,2004,群 馬 県,1995
1403,6759,埼 玉 県,1995
1404,5798,千 葉 県,1995
1405,11774,東 京 都,1995
1406,8246,神奈川県,1995
1407,2488,新 潟 県,1995
1408,1123,富 山 県,1995
1409,1180,石 川 県,1995
1410,827,福 井 県,1995
1411,882,山 梨 県,1995
1412,2194,長 野 県,1995
1413,2100,岐 阜 県,1995
1414,3738,静 岡 県,1995
1415,6868,愛 知 県,1995
1416,1841,三 重 県,1995
1417,1287,滋 賀 県,1995
1418,2630,京 都 府,1995
1419,8797,大 阪 府,1995
1420,5402,兵 庫 県,1995
1421,1431,奈 良 県,1995
1422,1080,和歌山県,1995
1423,615,鳥 取 県,1995
1424,771,島 根 県,1995
1425,1951,岡 山 県,1995
1426,2882,広 島 県,1995
1427,1556,山 口 県,1995
1428,832,徳 島 県,1995
1429,1027,香 川 県,1995
1430,1507,愛 媛 県,1995
1431,817,高 知 県,1995
1432,4933,福 岡 県,1995
1433,884,佐 賀 県,1995
1434,1545,長 崎 県,1995
1435,1860,熊 本 県,1995
1436,1231,大 分 県,1995
1437,1176,宮 崎 県,1995
1438,1794,鹿児島県,1995
1439,1273,沖 縄 県,1995
1440,125859,全国,1996
1441,5697,北 海 道,1996
1442,1483,青 森 県,1996
1443,1420,岩 手 県,1996
1444,2338,宮 城 県,1996
1445,1210,秋 田 県,1996
1446,1255,山 形 県,1996
1447,2134,福 島 県,1996
1448,2966,茨 城 県,1996
1449,1991,栃 木 県,1996
1450,2009,群 馬 県,1996
1451,6804,埼 玉 県,1996
1452,5817,千 葉 県,1996
1453,11808,東 京 都,1996
1454,8279,神奈川県,1996
1455,2490,新 潟 県,1996
1456,1125,富 山 県,1996
1457,1181,石 川 県,1996
1458,828,福 井 県,1996
1459,885,山 梨 県,1996
1460,2203,長 野 県,1996
1461,2104,岐 阜 県,1996
1462,3745,静 岡 県,1996
1463,6897,愛 知 県,1996
1464,1846,三 重 県,1996
1465,1298,滋 賀 県,1996
1466,2634,京 都 府,1996
1467,8807,大 阪 府,1996
1468,5421,兵 庫 県,1996
1469,1437,奈 良 県,1996
1470,1079,和歌山県,1996
1471,615,鳥 取 県,1996
1472,770,島 根 県,1996
1473,1951,岡 山 県,1996
1474,2881,広 島 県,1996
1475,1550,山 口 県,1996
1476,831,徳 島 県,1996
1477,1027,香 川 県,1996
1478,1505,愛 媛 県,1996
1479,816,高 知 県,1996
1480,4952,福 岡 県,1996
1481,884,佐 賀 県,1996
1482,1540,長 崎 県,1996
1483,1861,熊 本 県,1996
1484,1230,大 分 県,1996
1485,1177,宮 崎 県,1996
1486,1793,鹿児島県,1996
1487,1282,沖 縄 県,1996
1488,126157,全国,1997
1489,5699,北 海 道,1997
1490,1481,青 森 県,1997
1491,1419,岩 手 県,1997
1492,2348,宮 城 県,1997
1493,1205,秋 田 県,1997
1494,1253,山 形 県,1997
1495,2134,福 島 県,1997
1496,2973,茨 城 県,1997
1497,1996,栃 木 県,1997
1498,2013,群 馬 県,1997
1499,6841,埼 玉 県,1997
1500,5839,千 葉 県,1997
1501,11881,東 京 都,1997
1502,8319,神奈川県,1997
1503,2490,新 潟 県,1997
1504,1124,富 山 県,1997
1505,1181,石 川 県,1997
1506,828,福 井 県,1997
1507,886,山 梨 県,1997
1508,2207,長 野 県,1997
1509,2106,岐 阜 県,1997
1510,3752,静 岡 県,1997
1511,6931,愛 知 県,1997
1512,1851,三 重 県,1997
1513,1310,滋 賀 県,1997
1514,2638,京 都 府,1997
1515,8808,大 阪 府,1997
1516,5455,兵 庫 県,1997
1517,1442,奈 良 県,1997
1518,1078,和歌山県,1997
1519,614,鳥 取 県,1997
1520,768,島 根 県,1997
1521,1952,岡 山 県,1997
1522,2882,広 島 県,1997
1523,1545,山 口 県,1997
1524,830,徳 島 県,1997
1525,1026,香 川 県,1997
1526,1503,愛 媛 県,1997
1527,816,高 知 県,1997
1528,4971,福 岡 県,1997
1529,882,佐 賀 県,1997
1530,1533,長 崎 県,1997
1531,1861,熊 本 県,1997
1532,1228,大 分 県,1997
1533,1175,宮 崎 県,1997
1534,1792,鹿児島県,1997
1535,1289,沖 縄 県,1997
1536,126472,全国,1998
1537,5695,北 海 道,1998
1538,1479,青 森 県,1998
1539,1419,岩 手 県,1998
1540,2355,宮 城 県,1998
1541,1200,秋 田 県,1998
1542,1251,山 形 県,1998
1543,2132,福 島 県,1998
1544,2980,茨 城 県,1998
1545,2001,栃 木 県,1998
1546,2017,群 馬 県,1998
1547,6877,埼 玉 県,1998
1548,5867,千 葉 県,1998
1549,11939,東 京 都,1998
1550,8383,神奈川県,1998
1551,2488,新 潟 県,1998
1552,1124,富 山 県,1998
1553,1181,石 川 県,1998
1554,828,福 井 県,1998
1555,888,山 梨 県,1998
1556,2210,長 野 県,1998
1557,2108,岐 阜 県,1998
1558,3758,静 岡 県,1998
1559,6973,愛 知 県,1998
1560,1855,三 重 県,1998
1561,1323,滋 賀 県,1998
1562,2643,京 都 府,1998
1563,8813,大 阪 府,1998
1564,5494,兵 庫 県,1998
1565,1443,奈 良 県,1998
1566,1076,和歌山県,1998
1567,615,鳥 取 県,1998
1568,765,島 根 県,1998
1569,1953,岡 山 県,1998
1570,2882,広 島 県,1998
1571,1540,山 口 県,1998
1572,829,徳 島 県,1998
1573,1025,香 川 県,1998
1574,1501,愛 媛 県,1998
1575,816,高 知 県,1998
1576,4990,福 岡 県,1998
1577,881,佐 賀 県,1998
1578,1526,長 崎 県,1998
1579,1862,熊 本 県,1998
1580,1226,大 分 県,1998
1581,1173,宮 崎 県,1998
1582,1790,鹿児島県,1998
1583,1298,沖 縄 県,1998
1584,126667,全国,1999
1585,5689,北 海 道,1999
1586,1477,青 森 県,1999
1587,1417,岩 手 県,1999
1588,2360,宮 城 県,1999
1589,1195,秋 田 県,1999
1590,1247,山 形 県,1999
1591,2129,福 島 県,1999
1592,2981,茨 城 県,1999
1593,2003,栃 木 県,1999
1594,2020,群 馬 県,1999
1595,6906,埼 玉 県,1999
1596,5893,千 葉 県,1999
1597,11983,東 京 都,1999
1598,8432,神奈川県,1999
1599,2482,新 潟 県,1999
1600,1122,富 山 県,1999
1601,1180,石 川 県,1999
1602,828,福 井 県,1999
1603,887,山 梨 県,1999
1604,2210,長 野 県,1999
1605,2107,岐 阜 県,1999
1606,3761,静 岡 県,1999
1607,7006,愛 知 県,1999
1608,1856,三 重 県,1999
1609,1332,滋 賀 県,1999
1610,2645,京 都 府,1999
1611,8813,大 阪 府,1999
1612,5528,兵 庫 県,1999
1613,1444,奈 良 県,1999
1614,1074,和歌山県,1999
1615,614,鳥 取 県,1999
1616,763,島 根 県,1999
1617,1953,岡 山 県,1999
1618,2881,広 島 県,1999
1619,1535,山 口 県,1999
1620,827,徳 島 県,1999
1621,1025,香 川 県,1999
1622,1496,愛 媛 県,1999
1623,815,高 知 県,1999
1624,5002,福 岡 県,1999
1625,879,佐 賀 県,1999
1626,1520,長 崎 県,1999
1627,1861,熊 本 県,1999
1628,1224,大 分 県,1999
1629,1172,宮 崎 県,1999
1630,1788,鹿児島県,1999
1631,1308,沖 縄 県,1999
