,株数,信用取引株数,金額,信用取引金額,year,area
0,64292406,,8304954200,,1966,北海道
1,,,,,1966,青森
2,,,,,1966,秋田
3,,,,,1966,岩手
4,,,,,1966,山形
5,,,,,1966,宮城
6,,,,,1966,福島
7,42039745060,,6092539742056,,1966,東京
8,175326163,,22670656948,,1966,新潟
9,,,,,1966,神奈川
10,,,,,1966,千葉
11,,,,,1966,茨城
12,,,,,1966,栃木
13,,,,,1966,埼玉
14,,,,,1966,群馬
15,,,,,1966,長野
16,,,,,1966,山梨
17,,,,,1966,沖縄
18,,,,,1966,愛知
19,2187073937,,320657296628,,1966,名古屋
20,,,,,1966,静岡
21,,,,,1966,岐阜
22,,,,,1966,三重
23,14259694045,,1992891914568,,1966,大阪
24,434110230,,64787714550,,1966,京都
25,,,,,1966,奈良
26,,,,,1966,和歌山
27,,,,,1966,兵庫
28,371523631,,52288639818,,1966,神戸
29,,,,,1966,滋賀
30,381231280,,52772509180,,1966,広島
31,,,,,1966,鳥取
32,,,,,1966,島根
33,,,,,1966,岡山
34,,,,,1966,山口
35,,,,,1966,富山
36,,,,,1966,石川
37,,,,,1966,福井
38,,,,,1966,福岡
39,170189022,,22313962216,,1966,九州
40,,,,,1966,佐賀
41,,,,,1966,長崎
42,,,,,1966,大分
43,,,,,1966,熊本
44,,,,,1966,宮崎
45,,,,,1966,鹿児島
46,,,,,1966,香川
47,,,,,1966,徳島
48,,,,,1966,高知
49,,,,,1966,愛媛
50,60083185774,0,8629227390164,0,1966,合計
0,50408200,,6819515250,,1967,北海道
1,,,,,1967,青森
2,,,,,1967,秋田
3,,,,,1967,岩手
4,,,,,1967,山形
5,,,,,1967,宮城
6,,,,,1967,福島
7,35367125674,,5192617150104,,1967,東京
8,123450797,,15642281549,,1967,新潟
9,,,,,1967,神奈川
10,,,,,1967,千葉
11,,,,,1967,茨城
12,,,,,1967,栃木
13,,,,,1967,埼玉
14,,,,,1967,群馬
15,,,,,1967,長野
16,,,,,1967,山梨
17,,,,,1967,沖縄
18,,,,,1967,愛知
19,2344134654,,349762335344,,1967,名古屋
20,,,,,1967,静岡
21,,,,,1967,岐阜
22,,,,,1967,三重
23,12275636052,,1757789048341,,1967,大阪
24,397365951,,80602551006,,1967,京都
25,,,,,1967,奈良
26,,,,,1967,和歌山
27,,,,,1967,兵庫
28,205202357,,27546947035,,1967,神戸
29,,,,,1967,滋賀
30,215546733,,28833101508,,1967,広島
31,,,,,1967,鳥取
32,,,,,1967,島根
33,,,,,1967,岡山
34,,,,,1967,山口
35,,,,,1967,富山
36,,,,,1967,石川
37,,,,,1967,福井
38,,,,,1967,福岡
39,134121400,,16689932900,,1967,九州
40,,,,,1967,佐賀
41,,,,,1967,長崎
42,,,,,1967,大分
43,,,,,1967,熊本
44,,,,,1967,宮崎
45,,,,,1967,鹿児島
46,,,,,1967,香川
47,,,,,1967,徳島
48,,,,,1967,高知
49,,,,,1967,愛媛
50,51112991818,0,7476302863037,0,1967,合計
0,346008510,,66205332600,,1968,北海道
1,36172000,,7044334100,,1968,青森
2,51284100,,10584069100,,1968,秋田
3,10048200,,2020340100,,1968,岩手
4,33788200,,6392125850,,1968,山形
5,130487200,,24439875100,,1968,宮城
6,91108200,,16522477536,,1968,福島
7,55333432984,,9465329690395,,1968,東京
8,336496355,,59442221708,,1968,新潟
9,504201884,,100808376394,,1968,神奈川
10,154128550,,29725626050,,1968,千葉
11,89351550,,17812339700,,1968,茨城
12,81548600,,16325952800,,1968,栃木
13,83504300,,15875880400,,1968,埼玉
14,161334300,,32650853700,,1968,群馬
15,60480100,,11399879700,,1968,長野
16,40620100,,7702476800,,1968,山梨
17,,,,,1968,沖縄
18,1382676067,,283597718127,,1968,愛知
19,2235983624,,398724436874,,1968,名古屋
20,473565114,,93113469438,,1968,静岡
21,149628650,,29621803750,,1968,岐阜
22,185202100,,33008185061,,1968,三重
23,18490385289,,3125475206098,,1968,大阪
24,715402350,,131163766850,,1968,京都
25,105230143,,23683607708,,1968,奈良
26,173565500,,33712625400,,1968,和歌山
27,743763200,,143959940950,,1968,兵庫
28,327435800,,55400582000,,1968,神戸
29,26576900,,5227017600,,1968,滋賀
30,643640459,,119496443604,,1968,広島
31,20236800,,3557048700,,1968,鳥取
32,43739700,,7733452900,,1968,島根
33,205200150,,39598873850,,1968,岡山
34,147664501,,27435441119,,1968,山口
35,142930182,,26617453424,,1968,富山
36,82364409,,15534575603,,1968,石川
37,82305000,,17066070100,,1968,福井
38,505358369,,96554380648,,1968,福岡
39,126220150,,19114344000,,1968,九州
40,35387630,,7393189125,,1968,佐賀
41,79027347,,15099007152,,1968,長崎
42,40085600,,7002864300,,1968,大分
43,82256592,,15167667862,,1968,熊本
44,23642900,,4003585700,,1968,宮崎
45,49736650,,9143059350,,1968,鹿児島
46,119615400,,25108327900,,1968,香川
47,73689370,,16625020320,,1968,徳島
48,65403100,,13453095150,,1968,高知
49,127961400,,24890902330,,1968,愛媛
50,85249875579,0,14757565015026,0,1968,合計
0,1293084442,,360165459408,,1969,北海道
1,174799022,,46478054050,,1969,青森
2,236741332,,60217678169,,1969,秋田
3,44826900,,9874772300,,1969,岩手
4,159666135,,39856234595,,1969,山形
5,578590996,,150301099387,,1969,宮城
6,420848601,,102117986777,,1969,福島
7,35791458605,,9577369468930,,1969,東京
8,958527109,,261096144827,,1969,新潟
9,2545466082,,656325818812,,1969,神奈川
10,729204377,,190436878414,,1969,千葉
11,443019215,,116531927173,,1969,茨城
12,380695048,,99489749344,,1969,栃木
13,411710734,,105446998012,,1969,埼玉
14,737085444,,187131632336,,1969,群馬
15,295473910,,79221152100,,1969,長野
16,209407250,,51894016800,,1969,山梨
17,,,,,1969,沖縄
18,6440795178,,1738259215578,,1969,愛知
19,,,,,1969,名古屋
20,2250915322,,621560805979,,1969,静岡
21,757148178,,195134752789,,1969,岐阜
22,817885123,,182498553168,,1969,三重
23,14392279255,,3938309991668,,1969,大阪
24,2197594168,,613284334885,,1969,京都
25,586284599,,201277583292,,1969,奈良
26,878729571,,229831642586,,1969,和歌山
27,3479654289,,910861543487,,1969,兵庫
28,,,,,1969,神戸
29,117217400,,28504798900,,1969,滋賀
30,1755050598,,457098183029,,1969,広島
31,98367423,,24429777047,,1969,鳥取
32,201799611,,58555270339,,1969,島根
33,973366886,,235053780932,,1969,岡山
34,667422517,,159418812083,,1969,山口
35,691247757,,169761473451,,1969,富山
36,409523622,,99336576699,,1969,石川
37,424378837,,123570980088,,1969,福井
38,2366609895,,592734286187,,1969,福岡
39,,,,,1969,九州
40,153001700,,45756397200,,1969,佐賀
41,350221170,,90962276869,,1969,長崎
42,181580657,,40803283157,,1969,大分
43,354687430,,80941040996,,1969,熊本
44,134758046,,31723000016,,1969,宮崎
45,228696955,,56697466587,,1969,鹿児島
46,537803329,,150308201500,,1969,香川
47,366486608,,117243723375,,1969,徳島
48,294515565,,76768735936,,1969,高知
49,619666558,,161542552494,,1969,愛媛
50,88138293449,0,23526184111751,0,1969,合計
0,1007478182,※記載なし,190751433405,※記載なし,1970,北海道
1,147868299,,25362809511,,1970,青森
2,37308900,,5309808200,,1970,岩手
3,478254150,,90099096650,,1970,宮城
4,179781903,,33123317447,,1970,秋田
5,137014723,,23727493565,,1970,山形
6,336349807,,65011814477,,1970,福島
7,365385576,,75868265199,,1970,茨城
8,319920881,,68565973962,,1970,栃木
9,580594614,,110551992070,,1970,群馬
10,448512560,,88744360850,,1970,埼玉
11,654937719,,131479270849,,1970,千葉
12,30186014951,,6557046141869,,1970,東京
13,2169701794,,425080141239,,1970,神奈川
14,753255068,,151240272082,,1970,新潟
15,173386600,,32579478500,,1970,山梨
16,225871137,,40998957820,,1970,長野
17,,,,,1970,沖縄
18,559343064,,104879245730,,1970,岐阜
19,1712444122,,345784876080,,1970,静岡
20,5078195842,,1023824545170,,1970,愛知
21,690180625,,123194758920,,1970,三重
22,576311240,,106860104502,,1970,富山
23,346251323,,61201737656,,1970,石川
24,352263330,,75038329046,,1970,福井
25,118129300,,21365131300,,1970,滋賀
26,1831922949,,377943390738,,1970,京都
27,11699339696,,2434158355474,,1970,大阪
28,2837716297,,540778396809,,1970,兵庫
29,525336585,,122914831078,,1970,奈良
30,716950972,,142047459915,,1970,和歌山
31,80374020,,13518278620,,1970,鳥取
32,159196150,,30369683475,,1970,島根
33,841252785,,159565411631,,1970,岡山
34,1496262795,,280618264734,,1970,広島
35,561754281,,99221323418,,1970,山口
36,292265205,,64923118795,,1970,徳島
37,415791215,,90195986755,,1970,香川
38,491758631,,94650677907,,1970,愛媛
39,231227680,,42287469300,,1970,高知
40,1826465909,,336500257325,,1970,福岡
41,104458600,,23501240850,,1970,佐賀
42,282417697,,53938280954,,1970,長崎
43,296076498,,52710529303,,1970,熊本
44,167706600,,30635321970,,1970,大分
45,108594100,,18188242200,,1970,宮崎
46,171445369,,31251999499,,1970,鹿児島
47,72773069744,0,15017607876849,0,1970,合計
0,1626588,,349331973,,1971,北海道
1,177268,,35481680,,1971,青森
2,78748,,15467207,,1971,岩手
3,675527,,149534800,,1971,宮城
4,253230,,53226426,,1971,秋田
5,315127,,67927848,,1971,山形
6,513728,,110581953,,1971,福島
7,599514,,137412178,,1971,茨城
8,617438,,141963150,,1971,栃木
9,905705,,194049786,,1971,群馬
10,1000099,,215056400,,1971,埼玉
11,1251123,,279196255,,1971,千葉
12,43719286,,10275771498,,1971,東京
13,3631491,,793198574,,1971,神奈川
14,1501655,,336482816,,1971,新潟
15,305811,,71811451,,1971,山梨
16,629307,,131912768,,1971,長野
17,,,,,1971,沖縄
18,902643,,204101165,,1971,岐阜
19,2652129,,615050524,,1971,静岡
20,7572763,,1788164180,,1971,愛知
21,1133053,,234780624,,1971,三重
22,1065361,,237177890,,1971,富山
23,671709,,132758066,,1971,石川
24,628613,,154803282,,1971,福井
25,265313,,65115519,,1971,滋賀
26,2778705,,646194850,,1971,京都
27,18549425,,4546046419,,1971,大阪
28,4556647,,1026309685,,1971,兵庫
29,784436,,205602633,,1971,奈良
30,1224711,,294636528,,1971,和歌山
31,226179,,53631572,,1971,鳥取
32,247714,,57155395,,1971,島根
33,1275275,,279605059,,1971,岡山
34,2251022,,505260046,,1971,広島
35,937339,,197267950,,1971,山口
36,500828,,121081906,,1971,徳島
37,764235,,184744290,,1971,香川
38,847825,,193419230,,1971,愛媛
39,296680,,62456287,,1971,高知
40,2518524,,545277192,,1971,福岡
41,172976,,45848723,,1971,佐賀
42,462551,,107343333,,1971,長崎
43,449429,,93856262,,1971,熊本
44,251168,,52776023,,1971,大分
45,154790,,30793557,,1971,宮崎
46,253135,,56526001,,1971,鹿児島
47,112196823,0,26096190954,0,1971,合計
0,3014859,,602114781,,1972,北海道
1,329369,,62563378,,1972,青森
2,137937,,25192439,,1972,岩手
3,1314717,,281171220,,1972,宮城
4,500442,,97951197,,1972,秋田
5,557442,,110259853,,1972,山形
6,907246,,173268887,,1972,福島
7,1082000,,224319393,,1972,茨城
8,1124545,,230767922,,1972,栃木
9,1703672,,328931333,,1972,群馬
10,1825341,,362404926,,1972,埼玉
11,2487465,,491711519,,1972,千葉
12,81715463,,18604477022,,1972,東京
13,6998308,,1384982734,,1972,神奈川
14,2562308,,489375013,,1972,新潟
15,554928,,109102914,,1972,山梨
16,1156687,,227123253,,1972,長野
17,31066,,7415468,,1972,沖縄
18,1658443,,340553218,,1972,岐阜
19,4672351,,956007784,,1972,静岡
20,12931833,,2652016066,,1972,愛知
21,2153617,,400414668,,1972,三重
22,1942176,,382515078,,1972,富山
23,1292906,,237020950,,1972,石川
24,1193341,,239825931,,1972,福井
25,466514,,94876157,,1972,滋賀
26,5160616,,995680874,,1972,京都
27,35581934,,7764905174,,1972,大阪
28,8815764,,1738067285,,1972,兵庫
29,1443618,,313406446,,1972,奈良
30,2016632,,399947261,,1972,和歌山
31,450597,,91245294,,1972,鳥取
32,454523,,90733202,,1972,島根
33,2598831,,488683494,,1972,岡山
34,4081075,,800457769,,1972,広島
35,1672367,,306550064,,1972,山口
36,849682,,182347905,,1972,徳島
37,1524168,,308711923,,1972,香川
38,1469115,,288227873,,1972,愛媛
39,571074,,109399612,,1972,高知
40,4780696,,895449542,,1972,福岡
41,258507,,56885096,,1972,佐賀
42,796945,,156618838,,1972,長崎
43,826225,,155775266,,1972,熊本
44,525640,,103594780,,1972,大分
45,350695,,67501048,,1972,宮崎
46,471876,,96607754,,1972,鹿児島
47,209015556,0,44527159604,0,1972,合計
0,1825540,,443044208,,1973,北海道
1,211063,,49856532,,1973,青森
2,93107,,21383969,,1973,岩手
3,896383,,223482154,,1973,宮城
4,292794,,70940281,,1973,秋田
5,321731,,76095421,,1973,山形
6,676062,,159346050,,1973,福島
7,791532,,189460341,,1973,茨城
8,812986,,191564109,,1973,栃木
9,1097130,,256743689,,1973,群馬
10,1334650,,307848059,,1973,埼玉
11,1781080,,421426179,,1973,千葉
12,50965175,,13577658767,,1973,東京
13,4776341,,1116468967,,1973,神奈川
14,1681905,,378744886,,1973,新潟
15,401873,,89794167,,1973,山梨
16,771843,,180270327,,1973,長野
17,34811,,8584625,,1973,沖縄
18,1178665,,288718379,,1973,岐阜
19,2965929,,707246737,,1973,静岡
20,8530243,,2049538512,,1973,愛知
21,1538023,,340517462,,1973,三重
22,1249219,,300878523,,1973,富山
23,852147,,192982684,,1973,石川
24,818884,,198288953,,1973,福井
25,352430,,84305388,,1973,滋賀
26,3447605,,844508379,,1973,京都
27,22568908,,6051919134,,1973,大阪
28,5758394,,1400151942,,1973,兵庫
29,982768,,245771604,,1973,奈良
30,1461340,,356171537,,1973,和歌山
31,354875,,85249295,,1973,鳥取
32,284046,,68120423,,1973,島根
33,1721127,,404366227,,1973,岡山
34,2754324,,642258704,,1973,広島
35,1055711,,236206178,,1973,山口
36,622437,,155464236,,1973,徳島
37,1111037,,279102688,,1973,香川
38,1009292,,238853757,,1973,愛媛
39,380805,,90392882,,1973,高知
40,3010901,,681241020,,1973,福岡
41,162226,,42125332,,1973,佐賀
42,526426,,122699131,,1973,長崎
43,491661,,112432424,,1973,熊本
44,349665,,82322235,,1973,大分
45,211897,,49578564,,1973,宮崎
46,332882,,80168306,,1973,鹿児島
47,134849873,0,34194293367,0,1973,合計
0,1429013,,346919657,,1974,北海道
1,191750,,42627958,,1974,青森
2,76035,,17219483,,1974,岩手
3,612723,,142922583,,1974,宮城
4,233503,,56262218,,1974,秋田
5,273749,,62957028,,1974,山形
6,506582,,117806240,,1974,福島
7,683983,,158813208,,1974,茨城
8,709108,,165319111,,1974,栃木
9,974112,,216325527,,1974,群馬
10,1221604,,277628274,,1974,埼玉
11,1719929,,407148668,,1974,千葉
12,40528277,,10268753119,,1974,東京
13,3749685,,879892371,,1974,神奈川
14,1396169,,302566213,,1974,新潟
15,306964,,68760993,,1974,山梨
16,690087,,153910667,,1974,長野
17,40420,,9681132,,1974,沖縄
18,963173,,226681426,,1974,岐阜
19,2425701,,557980703,,1974,静岡
20,7041595,,1637425039,,1974,愛知
21,1228994,,261527079,,1974,三重
22,1009282,,227012081,,1974,富山
23,646635,,144385612,,1974,石川
24,605756,,139411661,,1974,福井
25,259473,,62025789,,1974,滋賀
26,2657685,,631168765,,1974,京都
27,17307379,,4449345600,,1974,大阪
28,4387943,,1042605189,,1974,兵庫
29,796485,,195606594,,1974,奈良
30,1107642,,262897893,,1974,和歌山
31,299509,,66729447,,1974,鳥取
32,247680,,55620903,,1974,島根
33,1350030,,311000677,,1974,岡山
34,2268215,,517960029,,1974,広島
35,874878,,191870744,,1974,山口
36,522477,,123750380,,1974,徳島
37,756020,,188857778,,1974,香川
38,821938,,189598554,,1974,愛媛
39,292462,,66345412,,1974,高知
40,2413511,,539551889,,1974,福岡
41,145697,,35697533,,1974,佐賀
42,400335,,90539789,,1974,長崎
43,380376,,86346925,,1974,熊本
44,285665,,63539168,,1974,大分
45,178890,,41059789,,1974,宮崎
46,268467,,60754484,,1974,鹿児島
47,107287586,0,26162811382,0,1974,合計
0,1279468,※記載なし,357800145,※記載なし,1975,北海道
1,206729,,60840087,,1975,青森
2,74339,,18525173,,1975,岩手
3,632162,,184385979,,1975,宮城
4,239985,,71383699,,1975,秋田
5,249655,,69523134,,1975,山形
6,471464,,122814102,,1975,福島
7,652530,,178022010,,1975,茨城
8,673024,,188888467,,1975,栃木
9,814694,,224006317,,1975,群馬
10,1139889,,302424303,,1975,埼玉
11,1576340,,441291193,,1975,千葉
12,41028405,,12554695974,,1975,東京
13,3553113,,1026873775,,1975,神奈川
14,1294080,,339498876,,1975,新潟
15,333510,,97414624,,1975,山梨
16,618689,,169904013,,1975,長野
17,42389,,14864362,,1975,沖縄
18,797841,,237388597,,1975,岐阜
19,2313452,,645470169,,1975,静岡
20,6429422,,1826686878,,1975,愛知
21,1088836,,277328846,,1975,三重
22,904315,,242948089,,1975,富山
23,604460,,168912957,,1975,石川
24,560317,,160165820,,1975,福井
25,223191,,66886057,,1975,滋賀
26,2524303,,734009472,,1975,京都
27,15845897,,4950645970,,1975,大阪
28,4103270,,1149413834,,1975,兵庫
29,700400,,215993200,,1975,奈良
30,901841,,269007694,,1975,和歌山
31,262209,,70754013,,1975,鳥取
32,202192,,56455857,,1975,島根
33,1236598,,338934681,,1975,岡山
34,2008190,,539541828,,1975,広島
35,686526,,182277097,,1975,山口
36,479470,,139866907,,1975,徳島
37,668739,,211884224,,1975,香川
38,782704,,215877506,,1975,愛媛
39,284767,,82164516,,1975,高知
40,2287773,,636584878,,1975,福岡
41,146530,,42070741,,1975,佐賀
42,385426,,106115238,,1975,長崎
43,358768,,99600762,,1975,熊本
44,254279,,71014074,,1975,大分
45,190236,,56958109,,1975,宮崎
46,276506,,72592116,,1975,鹿児島
47,102388923,0,30290706363,0,1975,合計
0,1600631,,519285421,,1976,北海道
1,236252,,74649441,,1976,青森
2,149648,,53016452,,1976,岩手
3,799515,,258951778,,1976,宮城
4,338545,,115404754,,1976,秋田
5,308773,,93171079,,1976,山形
6,652110,,193130947,,1976,福島
7,803366,,261044753,,1976,茨城
8,826762,,278478082,,1976,栃木
9,996412,,313232282,,1976,群馬
10,1480359,,441870225,,1976,埼玉
11,2049276,,656135603,,1976,千葉
12,55000194,,19266802745,,1976,東京
13,4608785,,1558787914,,1976,神奈川
14,1573054,,471141646,,1976,新潟
15,445940,,151581856,,1976,山梨
16,789249,,241153368,,1976,長野
17,42046,,15128691,,1976,沖縄
18,1141624,,378380136,,1976,岐阜
19,2996121,,951042385,,1976,静岡
20,8089335,,2664383454,,1976,愛知
21,1372229,,383470035,,1976,三重
22,1089937,,338666379,,1976,富山
23,736350,,231213166,,1976,石川
24,735478,,241674893,,1976,福井
25,297883,,96707033,,1976,滋賀
26,3178746,,1093760929,,1976,京都
27,19372007,,6499225931,,1976,大阪
28,5375569,,1729157064,,1976,兵庫
29,790314,,271106837,,1976,奈良
30,1108964,,375922040,,1976,和歌山
31,328516,,108070836,,1976,鳥取
32,228300,,75953278,,1976,島根
33,1434175,,430866933,,1976,岡山
34,2729349,,828780120,,1976,広島
35,884290,,264078898,,1976,山口
36,602064,,200259840,,1976,徳島
37,817856,,293601587,,1976,香川
38,1016638,,306136018,,1976,愛媛
39,397813,,143585995,,1976,高知
40,3043840,,991739551,,1976,福岡
41,209006,,62540571,,1976,佐賀
42,511277,,158126571,,1976,長崎
43,478839,,162665010,,1976,熊本
44,329472,,107750286,,1976,大分
45,257403,,82321930,,1976,宮崎
46,356176,,109230902,,1976,鹿児島
47,132610488,0,44543385645,0,1976,合計
0,1708005,,471675634,,1977,北海道
1,245554,,70470773,,1977,青森
2,191675,,52135798,,1977,岩手
3,703929,,198739827,,1977,宮城
4,341682,,95988086,,1977,秋田
5,336952,,91069384,,1977,山形
6,603163,,162784537,,1977,福島
7,879716,,251548549,,1977,茨城
8,831417,,236629924,,1977,栃木
9,1005077,,271005922,,1977,群馬
10,1593665,,426130000,,1977,埼玉
11,2116888,,582913033,,1977,千葉
12,55868683,,17990112083,,1977,東京
13,4398200,,1239119494,,1977,神奈川
14,1717892,,430160201,,1977,新潟
15,448803,,126634361,,1977,山梨
16,800349,,211214948,,1977,長野
17,46686,,13828669,,1977,沖縄
18,1067202,,299589297,,1977,岐阜
19,2804859,,774164066,,1977,静岡
20,8204475,,2359626359,,1977,愛知
21,1387500,,349307735,,1977,三重
22,1094327,,300120386,,1977,富山
23,703194,,188389887,,1977,石川
24,670261,,191718673,,1977,福井
25,306871,,79609443,,1977,滋賀
26,3093529,,899039690,,1977,京都
27,19831924,,5865237874,,1977,大阪
28,5147667,,1433694067,,1977,兵庫
29,832011,,240734253,,1977,奈良
30,1110125,,303953965,,1977,和歌山
31,298722,,83534208,,1977,鳥取
32,226847,,64180075,,1977,島根
33,1410943,,365395040,,1977,岡山
34,2747640,,724375116,,1977,広島
35,912607,,232265314,,1977,山口
36,626208,,175078910,,1977,徳島
37,810564,,232627619,,1977,香川
38,972239,,250921520,,1977,愛媛
39,401063,,114024611,,1977,高知
40,3078952,,864155995,,1977,福岡
41,213352,,59476697,,1977,佐賀
42,478714,,127297581,,1977,長崎
43,495574,,137672086,,1977,熊本
44,351301,,100046928,,1977,大分
45,269945,,73740971,,1977,宮崎
46,324350,,84906797,,1977,鹿児島
47,133711302,0,39897046386,0,1977,合計
0,2395677,,828474870,,1978,北海道
1,369245,,114986845,,1978,青森
2,320013,,93391906,,1978,岩手
3,981164,,340045699,,1978,宮城
4,480998,,155811482,,1978,秋田
5,520437,,163375748,,1978,山形
6,806749,,261488536,,1978,福島
7,1229665,,418955325,,1978,茨城
8,1141826,,371842319,,1978,栃木
9,1521376,,471049214,,1978,群馬
10,2366730,,715663270,,1978,埼玉
11,3151613,,1012449138,,1978,千葉
12,80915002,,28051865871,,1978,東京
13,6196432,,1987525614,,1978,神奈川
14,2360647,,728254025,,1978,新潟
15,654150,,203715137,,1978,山梨
16,1223645,,360136839,,1978,長野
17,66799,,21642367,,1978,沖縄
18,1393840,,431178847,,1978,岐阜
19,3640545,,1171050809,,1978,静岡
20,11446371,,3602299349,,1978,愛知
21,1750305,,489667616,,1978,三重
22,1436615,,447718715,,1978,富山
23,952756,,299296739,,1978,石川
24,983353,,332358888,,1978,福井
25,476139,,135063857,,1978,滋賀
26,4292310,,1463144608,,1978,京都
27,27669835,,8917040224,,1978,大阪
28,6641701,,2263629234,,1978,兵庫
29,1106880,,357904257,,1978,奈良
30,1501209,,476312767,,1978,和歌山
31,403874,,139906580,,1978,鳥取
32,290353,,97685154,,1978,島根
33,1897477,,605291324,,1978,岡山
34,3711887,,1164070085,,1978,広島
35,1198406,,360986648,,1978,山口
36,838158,,294071427,,1978,徳島
37,1120582,,367035156,,1978,香川
38,1155776,,357990889,,1978,愛媛
39,521856,,178673906,,1978,高知
40,3990188,,1311658870,,1978,福岡
41,277326,,101933629,,1978,佐賀
42,640363,,199332824,,1978,長崎
43,650122,,210501536,,1978,熊本
44,534865,,170629370,,1978,大分
45,384150,,128588719,,1978,宮崎
46,425050,,134595806,,1978,鹿児島
47,188034460,0,62510292038,0,1978,合計
0,2361367,,863061384,,1979,北海道
1,417128,,150488028,,1979,青森
2,320922,,106153723,,1979,岩手
3,972187,,363665226,,1979,宮城
4,476143,,136863528,,1979,秋田
5,568725,,209854955,,1979,山形
6,751463,,280471077,,1979,福島
7,1142564,,422540336,,1979,茨城
8,1045951,,385860269,,1979,栃木
9,1302758,,458005435,,1979,群馬
10,2190243,,740239269,,1979,埼玉
11,3198912,,1154764458,,1979,千葉
12,77427735,,28229882220,,1979,東京
13,5645787,,2023936981,,1979,神奈川
14,2063433,,695532282,,1979,新潟
15,599732,,208533210,,1979,山梨
16,1117005,,381802843,,1979,長野
17,75067,,26031869,,1979,沖縄
18,1335564,,483501043,,1979,岐阜
19,3289477,,1197474046,,1979,静岡
20,10465376,,3668002197,,1979,愛知
21,1554264,,491368026,,1979,三重
22,1355099,,467068141,,1979,富山
23,914528,,338485753,,1979,石川
24,945849,,351645987,,1979,福井
25,415045,,129866252,,1979,滋賀
26,4225158,,1527049485,,1979,京都
27,24417728,,8473406532,,1979,大阪
28,5801845,,2015979078,,1979,兵庫
29,1085263,,370198590,,1979,奈良
30,1369228,,459188850,,1979,和歌山
31,418094,,149324241,,1979,鳥取
32,309841,,120214194,,1979,島根
33,1771002,,609548622,,1979,岡山
34,3477255,,1235155382,,1979,広島
35,1211539,,422107798,,1979,山口
36,820218,,306187864,,1979,徳島
37,947389,,338017322,,1979,香川
38,1000730,,351560764,,1979,愛媛
39,585259,,205351576,,1979,高知
40,3701906,,1345920578,,1979,福岡
41,241054,,89671145,,1979,佐賀
42,635754,,216913853,,1979,長崎
43,679904,,252449438,,1979,熊本
44,526196,,173052567,,1979,大分
45,368374,,129179648,,1979,宮崎
46,418369,,158243635,,1979,鹿児島
47,175964430,0,62913819700,0,1979,合計
0,2052444,※記載なし,795578727,※記載なし,1980,北海道
1,324166,,125299306,,1980,青森
2,249272,,90831428,,1980,岩手
3,784819,,323005880,,1980,宮城
4,285774,,116542955,,1980,秋田
5,467183,,180650890,,1980,山形
6,665248,,274938090,,1980,福島
7,1152846,,407620523,,1980,茨城
8,1033193,,365713236,,1980,栃木
9,1310539,,451364199,,1980,群馬
10,2332749,,812546199,,1980,埼玉
11,3268818,,1161499292,,1980,千葉
12,80462061,,29994171928,,1980,東京
13,5447539,,1933442627,,1980,神奈川
14,2085892,,737574869,,1980,新潟
15,590001,,204649455,,1980,山梨
16,1022910,,372849693,,1980,長野
17,83833,,28000275,,1980,沖縄
18,1366466,,464661392,,1980,岐阜
19,3118541,,1132940784,,1980,静岡
20,10567702,,3622410638,,1980,愛知
21,1595426,,511116192,,1980,三重
22,1366994,,473016998,,1980,富山
23,859247,,325868531,,1980,石川
24,868213,,320391939,,1980,福井
25,410590,,137497506,,1980,滋賀
26,3623981,,1323356476,,1980,京都
27,23933151,,8563943211,,1980,大阪
28,5877966,,2005463770,,1980,兵庫
29,1122349,,386963264,,1980,奈良
30,1319754,,447991274,,1980,和歌山
31,407725,,138382878,,1980,鳥取
32,282917,,103199932,,1980,島根
33,1719443,,585795560,,1980,岡山
34,2984249,,1091620555,,1980,広島
35,1118305,,387595823,,1980,山口
36,741009,,276396905,,1980,徳島
37,898148,,329251894,,1980,香川
38,911310,,337566446,,1980,愛媛
39,561376,,199093335,,1980,高知
40,3653142,,1278241540,,1980,福岡
41,235197,,89660402,,1980,佐賀
42,550531,,190638958,,1980,長崎
43,599435,,223063704,,1980,熊本
44,517182,,179097579,,1980,大分
45,379163,,130339690,,1980,宮崎
46,388789,,146617062,,1980,鹿児島
47,175597588,0,63778463810,0,1980,合計
0,2369903,,1114578825,,1981,北海道
1,386556,,198239195,,1981,青森
2,361751,,172813239,,1981,岩手
3,964655,,522942190,,1981,宮城
4,355521,,174338696,,1981,秋田
5,504772,,238499176,,1981,山形
6,730337,,376264262,,1981,福島
7,1129214,,512681171,,1981,茨城
8,1008842,,452169537,,1981,栃木
9,1245014,,559295690,,1981,群馬
10,2288988,,995680271,,1981,埼玉
11,2992166,,1304389152,,1981,千葉
12,86516960,,40568350741,,1981,東京
13,6082058,,2690640241,,1981,神奈川
14,1945647,,925580079,,1981,新潟
15,554935,,260045667,,1981,山梨
16,1090114,,519920346,,1981,長野
17,88388,,34933634,,1981,沖縄
18,1529732,,689355317,,1981,岐阜
19,3287548,,1565089517,,1981,静岡
20,10897912,,4946948790,,1981,愛知
21,1429256,,610727750,,1981,三重
22,1334981,,628106591,,1981,富山
23,853858,,415695965,,1981,石川
24,794658,,408417338,,1981,福井
25,488834,,219999467,,1981,滋賀
26,3556454,,1752068019,,1981,京都
27,23350258,,11046606055,,1981,大阪
28,5788530,,2692687263,,1981,兵庫
29,1175009,,542715071,,1981,奈良
30,1267924,,589554124,,1981,和歌山
31,457019,,206064685,,1981,鳥取
32,280246,,114206556,,1981,島根
33,1751590,,776631247,,1981,岡山
34,2984276,,1401057715,,1981,広島
35,1044761,,447757673,,1981,山口
36,743096,,382336117,,1981,徳島
37,952885,,455732541,,1981,香川
38,1018791,,495130607,,1981,愛媛
39,598085,,284161353,,1981,高知
40,3690580,,1694428729,,1981,福岡
41,233644,,112167647,,1981,佐賀
42,586347,,268058752,,1981,長崎
43,609393,,287264497,,1981,熊本
44,576981,,268793568,,1981,大分
45,412396,,185187081,,1981,宮崎
46,546249,,245392512,,1981,鹿児島
47,182857114,0,85353704659,0,1981,合計
0,1503786,,718093021,,1982,北海道
1,243706,,120282982,,1982,青森
2,219106,,106527306,,1982,岩手
3,670894,,329174514,,1982,宮城
4,278850,,141819755,,1982,秋田
5,331590,,145361624,,1982,山形
6,555527,,261196765,,1982,福島
7,826420,,349013736,,1982,茨城
8,843662,,346956976,,1982,栃木
9,899525,,386295985,,1982,群馬
10,1874457,,764821197,,1982,埼玉
11,2369037,,970769599,,1982,千葉
12,62670078,,30992409649,,1982,東京
13,4285320,,1951958273,,1982,神奈川
14,1555298,,695702522,,1982,新潟
15,413980,,203475103,,1982,山梨
16,864698,,376571303,,1982,長野
17,100705,,37185287,,1982,沖縄
18,1025497,,451111595,,1982,岐阜
19,2419680,,1107132018,,1982,静岡
20,7093736,,3227231089,,1982,愛知
21,1236354,,474326516,,1982,三重
22,1077617,,484136065,,1982,富山
23,635114,,296722466,,1982,石川
24,610423,,274499134,,1982,福井
25,377369,,170227980,,1982,滋賀
26,2660944,,1318769185,,1982,京都
27,17159878,,8042839052,,1982,大阪
28,4248937,,1902568386,,1982,兵庫
29,828509,,369026656,,1982,奈良
30,1019047,,431332990,,1982,和歌山
31,310286,,142712938,,1982,鳥取
32,224073,,85717162,,1982,島根
33,1260837,,532935733,,1982,岡山
34,2136557,,992615214,,1982,広島
35,778552,,318394302,,1982,山口
36,507352,,251557368,,1982,徳島
37,687826,,330532133,,1982,香川
38,690270,,329547785,,1982,愛媛
39,400005,,195571322,,1982,高知
40,2579602,,1216829526,,1982,福岡
41,183740,,95402294,,1982,佐賀
42,414188,,191967528,,1982,長崎
43,479589,,227248329,,1982,熊本
44,450243,,207637809,,1982,大分
45,270738,,125286292,,1982,宮崎
46,408131,,186101589,,1982,鹿児島
47,132681733,0,62877596053,0,1982,合計
0,2034621,,1127844717,,1983,北海道
1,362187,,182505375,,1983,青森
2,302474,,165649724,,1983,岩手
3,899500,,510553706,,1983,宮城
4,320892,,187843391,,1983,秋田
5,401795,,214250082,,1983,山形
6,758009,,423277977,,1983,福島
7,1189928,,556291303,,1983,茨城
8,1192181,,576164267,,1983,栃木
9,1256768,,643341334,,1983,群馬
10,2680735,,1284944962,,1983,埼玉
11,3355003,,1610112509,,1983,千葉
12,90483178,,51748552053,,1983,東京
13,5839412,,3029071673,,1983,神奈川
14,2068903,,1054706555,,1983,新潟
15,622240,,338669812,,1983,山梨
16,1142203,,567983693,,1983,長野
17,108976,,49869423,,1983,沖縄
18,1399255,,740094628,,1983,岐阜
19,3422663,,1819618442,,1983,静岡
20,10022721,,5206603828,,1983,愛知
21,1764783,,819433341,,1983,三重
22,1513079,,819661412,,1983,富山
23,873361,,463778762,,1983,石川
24,836320,,472158780,,1983,福井
25,569759,,307267309,,1983,滋賀
26,3763788,,2145015958,,1983,京都
27,24322061,,13308048129,,1983,大阪
28,5911362,,3120913352,,1983,兵庫
29,1144573,,570249432,,1983,奈良
30,1395744,,710073696,,1983,和歌山
31,436579,,227835347,,1983,鳥取
32,301863,,144327263,,1983,島根
33,1882852,,934720945,,1983,岡山
34,2863523,,1562337264,,1983,広島
35,1141879,,529376733,,1983,山口
36,714423,,400327267,,1983,徳島
37,1022251,,553461619,,1983,香川
38,944204,,513948701,,1983,愛媛
39,483220,,271530920,,1983,高知
40,3539596,,1917046033,,1983,福岡
41,265742,,161722560,,1983,佐賀
42,556061,,287125894,,1983,長崎
43,700492,,367434766,,1983,熊本
44,547119,,292486604,,1983,大分
45,375154,,196705836,,1983,宮崎
46,508268,,271603248,,1983,鹿児島
47,188241700,0,103406540625,0,1983,合計
0,2100667,,1414386815,,1984,北海道
1,362313,,248817092,,1984,青森
2,352444,,245939680,,1984,岩手
3,845437,,588505811,,1984,宮城
4,279937,,196418974,,1984,秋田
5,412688,,278807343,,1984,山形
6,726237,,528165524,,1984,福島
7,1126517,,669870666,,1984,茨城
8,1128237,,689596648,,1984,栃木
9,1280137,,805492322,,1984,群馬
10,2845157,,1660569862,,1984,埼玉
11,3341721,,2026780418,,1984,千葉
12,100596207,,70305881235,,1984,東京
13,5502143,,3720679917,,1984,神奈川
14,1897353,,1340894818,,1984,新潟
15,577440,,424696888,,1984,山梨
16,1181407,,723658582,,1984,長野
17,121310,,74789682,,1984,沖縄
18,1333881,,876847393,,1984,岐阜
19,3542126,,2371236457,,1984,静岡
20,10184247,,6668473177,,1984,愛知
21,1617182,,953219100,,1984,三重
22,1354190,,985676090,,1984,富山
23,887029,,575824605,,1984,石川
24,768221,,546050221,,1984,福井
25,572400,,409218465,,1984,滋賀
26,3634220,,2679947748,,1984,京都
27,25222720,,17539437810,,1984,大阪
28,5944671,,4103829851,,1984,兵庫
29,1152499,,706175083,,1984,奈良
30,1411850,,940594607,,1984,和歌山
31,461942,,281846777,,1984,鳥取
32,291757,,211271826,,1984,島根
33,1828322,,1285361100,,1984,岡山
34,2885002,,2013306770,,1984,広島
35,1124617,,664804038,,1984,山口
36,674925,,490903765,,1984,徳島
37,987011,,641235082,,1984,香川
38,1065246,,710811103,,1984,愛媛
39,451495,,300525264,,1984,高知
40,3549566,,2477217715,,1984,福岡
41,261629,,214558393,,1984,佐賀
42,579387,,377467548,,1984,長崎
43,680288,,472094991,,1984,熊本
44,548534,,347263019,,1984,大分
45,387020,,267154640,,1984,宮崎
46,518089,,341914685,,1984,鹿児島
47,198597418,0,136398219600,0,1984,合計
0,2534475,※記載なし,1661220978,※記載なし,1985,北海道
1,414659,,283168109,,1985,青森
2,381157,,271564801,,1985,岩手
3,1046822,,722834443,,1985,宮城
4,271190,,198351874,,1985,秋田
5,445901,,297232961,,1985,山形
6,833951,,571004065,,1985,福島
7,1232995,,715305286,,1985,茨城
8,1194325,,702522925,,1985,栃木
9,1507108,,907273884,,1985,群馬
10,3302073,,1859487915,,1985,埼玉
11,3890259,,2356799859,,1985,千葉
12,118797264,,81534200717,,1985,東京
13,6018945,,3851534231,,1985,神奈川
14,2165599,,1400713754,,1985,新潟
15,661725,,412749960,,1985,山梨
16,1299815,,778216995,,1985,長野
17,177888,,109927804,,1985,沖縄
18,1491723,,935547647,,1985,岐阜
19,3862513,,2368145228,,1985,静岡
20,11252573,,7042423551,,1985,愛知
21,1852079,,1026231926,,1985,三重
22,1416105,,899588244,,1985,富山
23,959041,,616836814,,1985,石川
24,833070,,541271135,,1985,福井
25,625320,,416488810,,1985,滋賀
26,3954280,,2643850813,,1985,京都
27,29284580,,18926829339,,1985,大阪
28,6512337,,4233409890,,1985,兵庫
29,1295942,,736638223,,1985,奈良
30,1534109,,966003423,,1985,和歌山
31,467303,,284348760,,1985,鳥取
32,290753,,184387823,,1985,島根
33,2085598,,1268607704,,1985,岡山
34,3032787,,1980049542,,1985,広島
35,1264468,,698616726,,1985,山口
36,701956,,463354244,,1985,徳島
37,1075134,,684927175,,1985,香川
38,1200989,,794082538,,1985,愛媛
39,454478,,311343665,,1985,高知
40,4088174,,2616380512,,1985,福岡
41,298580,,206292545,,1985,佐賀
42,579060,,350563099,,1985,長崎
43,798755,,564071992,,1985,熊本
44,514509,,327718329,,1985,大分
45,353159,,265870249,,1985,宮崎
46,526682,,348671963,,1985,鹿児島
47,228782208,0,151336662470,0,1985,合計
0,4562025,1193835,3437207016,917393239,1986,北海道
1,582628,149260,501961801,132817181,1986,青森
2,677276,164264,549980732,143257818,1986,岩手
3,1953063,679796,1522079725,528512379,1986,宮城
4,500064,214047,402606925,162968775,1986,秋田
5,717506,142236,608297166,119443210,1986,山形
6,1258722,399542,1043821682,320880483,1986,福島
7,1792989,487035,1317195445,363213774,1986,茨城
8,1659215,544357,1203701848,395900555,1986,栃木
9,2273301,677166,1763422422,509062093,1986,群馬
10,4726641,1696473,3455391688,1255934502,1986,埼玉
11,5413526,2009516,3943087770,1402072502,1986,千葉
12,199896474,34824340,162474350599,26773438190,1986,東京
13,9564464,2992838,7321184590,2341623681,1986,神奈川
14,2960142,1109693,2320191893,874879092,1986,新潟
15,1069732,356084,769605932,251898863,1986,山梨
16,1985541,615631,1459397150,463809637,1986,長野
17,247143,72514,183713336,55262942,1986,沖縄
18,2153985,842354,1660876502,648704113,1986,岐阜
19,5616990,1725328,4159860052,1278003202,1986,静岡
20,16572516,5235082,12363829677,3939144984,1986,愛知
21,2536323,846728,1791530530,591917044,1986,三重
22,1951239,557193,1548601296,476292355,1986,富山
23,1700766,530471,1245663412,429929389,1986,石川
24,1189086,452772,956623305,373159958,1986,福井
25,854112,323571,689001991,263077357,1986,滋賀
26,6124179,2053947,4874953597,1596063272,1986,京都
27,43687801,15941540,35318951496,12819943651,1986,大阪
28,9524755,3036700,7355740310,2421668560,1986,兵庫
29,1754548,650487,1244625360,486539205,1986,奈良
30,2534226,1062683,1707180091,678931417,1986,和歌山
31,679513,187815,517965228,139395285,1986,鳥取
32,391752,116894,309369437,93071792,1986,島根
33,2745582,764285,2125750855,601722848,1986,岡山
34,4026434,1365701,3226852608,1100747663,1986,広島
35,1637453,563061,1145367814,405428522,1986,山口
36,929610,290230,787755301,268241052,1986,徳島
37,1458349,430868,1202636719,385271703,1986,香川
38,1842559,510119,1455684703,437888359,1986,愛媛
39,677608,188202,519399545,148147561,1986,高知
40,5657505,1772220,4444559528,1373544231,1986,福岡
41,467170,90131,372475677,81205668,1986,佐賀
42,752589,223143,583053331,178986079,1986,長崎
43,1151700,337558,915256796,272285520,1986,熊本
44,768144,204541,600996527,162191361,1986,大分
45,503697,141801,401815138,121908903,1986,宮崎
46,620590,175935,514513652,145557223,1986,鹿児島
47,362351233,88949987,288318088198,68931337193,1986,合計
0,4461466,1155172,4251928890,933743254,1987,北海道
1,670540,142287,583173590,114639630,1987,青森
2,703944,176731,695774438,159116863,1987,岩手
3,2138581,702335,2046116121,593068646,1987,宮城
4,599992,231173,572030763,197024280,1987,秋田
5,848454,159351,860608275,159004753,1987,山形
6,1269681,340007,1263080499,299355014,1987,福島
7,2025228,577041,1863635252,484185317,1987,茨城
8,2165492,661104,1941942340,564682576,1987,栃木
9,2638159,682908,2485112910,599814142,1987,群馬
10,5978413,1961261,5456889169,1686884974,1987,埼玉
11,6709857,2204739,6148170528,1870594547,1987,千葉
12,282943611,46094743,288807412444,38026810648,1987,東京
13,11628265,3523582,10952728303,3176187858,1987,神奈川
14,3509786,1166021,3248809991,963927767,1987,新潟
15,1225967,325962,1046672313,260236043,1987,山梨
16,2136413,619843,1911676597,500047262,1987,長野
17,404717,100616,350670447,76723138,1987,沖縄
18,2468387,804846,2241914201,670675969,1987,岐阜
19,6345427,1831182,5688184819,1479649765,1987,静岡
20,20054650,6009524,18039893431,5014037554,1987,愛知
21,2804327,808042,2485513231,701707733,1987,三重
22,2533023,646591,2379041080,555504836,1987,富山
23,1523029,467453,1424031696,417182750,1987,石川
24,1469667,494834,1377609543,436802349,1987,福井
25,1050116,339498,952561354,294395310,1987,滋賀
26,7530318,2282063,7129438159,1955182776,1987,京都
27,53049126,17029386,51100972159,15145421489,1987,大阪
28,11797418,3803938,10381848740,3143329352,1987,兵庫
29,2041613,620011,1753037183,517039901,1987,奈良
30,2697303,975721,2137805379,711229733,1987,和歌山
31,750232,209126,731890935,162135741,1987,鳥取
32,382474,109399,370526211,96044171,1987,島根
33,2974374,777287,2817944886,690158538,1987,岡山
34,4490904,1359104,4501684177,1215775207,1987,広島
35,1688166,494451,1492018432,424320646,1987,山口
36,1297556,332747,1274381376,324961676,1987,徳島
37,1576389,436734,1636282802,446080653,1987,香川
38,1950175,501330,1841724339,428739096,1987,愛媛
39,803623,164604,761251308,142551537,1987,高知
40,5566387,1523077,5481385926,1364564294,1987,福岡
41,437692,96600,481772736,101574466,1987,佐賀
42,804177,230624,761820890,195321879,1987,長崎
43,1205867,261133,1264086747,267436122,1987,熊本
44,799818,193662,789093357,174677103,1987,大分
45,510063,137185,482892496,116305497,1987,宮崎
46,728744,159087,755894490,154602349,1987,鹿児島
47,473389611,103924115,467022934953,88013455204,1987,合計
0,4736613,1269341,4408146700,1118126472,1988,北海道
1,522750,131846,535666726,132332388,1988,青森
2,634241,165550,661643088,170221778,1988,岩手
3,1846994,654469,1958508549,674344507,1988,宮城
4,520602,138383,547502915,147138521,1988,秋田
5,913565,180207,909148827,165700825,1988,山形
6,1286728,438511,1326792053,429851471,1988,福島
7,1980754,678083,1850628673,619308547,1988,茨城
8,2192490,789863,2084837282,735566677,1988,栃木
9,2506177,744887,2392233377,711140663,1988,群馬
10,6593724,2625513,6333229213,2467905381,1988,埼玉
11,6679791,2625883,6434380904,2440162160,1988,千葉
12,302668194,57700467,324635797609,54556414101,1988,東京
13,12080312,4785099,11542968302,4452428270,1988,神奈川
14,3394592,1273407,3336657430,1187473318,1988,新潟
15,997050,352946,953648387,328145504,1988,山梨
16,2077705,749735,1954335180,674810770,1988,長野
17,502436,171349,447369407,143996218,1988,沖縄
18,2281322,766692,2215838535,721496564,1988,岐阜
19,6464599,2147926,6134700255,2004308118,1988,静岡
20,18141995,6340224,17928740639,6082792895,1988,愛知
21,2644748,903440,2470161720,836345498,1988,三重
22,2444566,600619,2402454210,590278100,1988,富山
23,1457290,511783,1403781208,487743236,1988,石川
24,1362402,504814,1348618946,491290174,1988,福井
25,1129205,443438,1001112668,400984471,1988,滋賀
26,7778110,2639766,7539360099,2433800516,1988,京都
27,53573713,19830523,53170067120,18684265998,1988,大阪
28,11604331,4086187,10856934531,3748736977,1988,兵庫
29,1969717,672340,1837216227,634223628,1988,奈良
30,2102030,808347,1983524595,751358910,1988,和歌山
31,667569,256467,660230758,248418848,1988,鳥取
32,391188,143307,384606005,136006872,1988,島根
33,2999713,858097,2853781774,803823824,1988,岡山
34,4821014,1604090,4749411352,1491930000,1988,広島
35,1641410,517987,1529302768,489463298,1988,山口
36,1014632,327573,965055529,317350979,1988,徳島
37,2339981,1126660,2200116217,1015726370,1988,香川
38,1882581,587193,1848796073,568297760,1988,愛媛
39,667246,187498,655608369,176042530,1988,高知
40,5701424,1850170,5605979739,1758573125,1988,福岡
41,413882,113124,432106714,119700459,1988,佐賀
42,780789,249568,761623522,242059968,1988,長崎
43,1378341,381767,1367928071,370953028,1988,熊本
44,750399,172559,740031301,168549847,1988,大分
45,481270,125563,459995036,120171228,1988,宮崎
46,766653,224463,779444088,215232039,1988,鹿児島
47,491786838,124457724,508600022691,117264992831,1988,合計
0,2980465,712966,4490628,1044692,1989,北海道
1,401841,85176,630647,143179,1989,青森
2,430212,103667,680601,165657,1989,岩手
3,1408709,412102,2131136,645454,1989,宮城
4,379986,83176,597463,131234,1989,秋田
5,706990,118004,1049737,164913,1989,山形
6,984841,278472,1446467,405611,1989,福島
7,1752595,529134,2361639,708296,1989,茨城
8,1738649,510593,2392538,684703,1989,栃木
9,1890023,542922,2625052,742871,1989,群馬
10,5256270,1772456,7336104,2506127,1989,埼玉
11,5474227,1858343,7572990,2539057,1989,千葉
12,265504675,35397201,407669135,50946404,1989,東京
13,9133857,3339888,13332633,4764878,1989,神奈川
14,2784428,879811,3935046,1198127,1989,新潟
15,804274,258471,1111268,348945,1989,山梨
16,1682581,548656,2332988,735361,1989,長野
17,461283,135679,619448,174348,1989,沖縄
18,2040822,641721,2965716,917195,1989,岐阜
19,5101541,1559470,6937135,2090336,1989,静岡
20,14427818,4460765,20699669,6281186,1989,愛知
21,2038205,650122,2667180,845788,1989,三重
22,1873022,496205,2693419,731938,1989,富山
23,1089732,335612,1570790,477811,1989,石川
24,1034720,346520,1507495,499241,1989,福井
25,793130,265561,1119565,379626,1989,滋賀
26,5760071,1734225,8448342,2590816,1989,京都
27,41875754,12452550,60992217,17737724,1989,大阪
28,8685093,2624118,12036136,3655900,1989,兵庫
29,1588261,467361,2194747,661003,1989,奈良
30,1589943,523252,2131427,704571,1989,和歌山
31,480918,165111,685900,232089,1989,鳥取
32,292208,88853,407288,123246,1989,島根
33,2371645,592504,3295550,804467,1989,岡山
34,3899747,1054177,5669411,1550333,1989,広島
35,1308611,370009,1769323,502635,1989,山口
36,852387,242735,1158686,341250,1989,徳島
37,1757898,632355,2520277,913232,1989,香川
38,1380871,427121,1911318,607768,1989,愛媛
39,543805,131935,769870,195082,1989,高知
40,5073130,1386213,7314833,1995729,1989,福岡
41,303101,73127,451268,108822,1989,佐賀
42,646459,196813,917817,289578,1989,長崎
43,1205710,355055,1792309,512299,1989,熊本
44,537403,103230,742989,144801,1989,大分
45,386685,91345,549286,132734,1989,宮崎
46,617993,154105,936466,246444,1989,鹿児島
47,413332589,80188887,619171949,114323501,1989,合計
0,1488632,505064,2612581,780541,1990,北海道
1,218517,66536,339616,107291,1990,青森
2,223074,69721,404700,115110,1990,岩手
3,831934,269862,1386484,406767,1990,宮城
4,181240,58237,309189,94039,1990,秋田
5,347286,91433,565173,140137,1990,山形
6,527140,178261,893375,286368,1990,福島
7,974959,382766,1431051,524669,1990,茨城
8,965863,376398,1448337,519421,1990,栃木
9,1058811,395309,1646843,578846,1990,群馬
10,3013506,1292778,4597768,1882641,1990,埼玉
11,3231494,1369422,4716849,1920611,1990,千葉
12,155593273,22382188,264747236,33871875,1990,東京
13,5004741,2113776,8014851,3192952,1990,神奈川
14,1431716,483358,2285122,711331,1990,新潟
15,427625,166740,633083,225484,1990,山梨
16,958037,363933,1423471,489490,1990,長野
17,306035,100631,418845,125283,1990,沖縄
18,1180211,466652,1763466,642467,1990,岐阜
19,2678026,1045262,4022617,1481257,1990,静岡
20,7943292,3088152,12595116,4461142,1990,愛知
21,1131979,464247,1609757,625655,1990,三重
22,1063466,409275,1580794,575835,1990,富山
23,620746,249931,970892,364165,1990,石川
24,561056,215785,913868,332425,1990,福井
25,433250,179732,684267,276864,1990,滋賀
26,3282804,1250097,5420365,1906469,1990,京都
27,22439572,8390772,36636565,12643139,1990,大阪
28,4729255,1815383,7232787,2610870,1990,兵庫
29,881201,317176,1357231,462560,1990,奈良
30,881507,361911,1300932,521136,1990,和歌山
31,247710,92502,392639,136148,1990,鳥取
32,194463,69244,296401,101103,1990,島根
33,1375236,449337,2143477,654873,1990,岡山
34,2181289,717809,3408545,1063185,1990,広島
35,690195,245654,985038,330881,1990,山口
36,504249,191227,790239,300817,1990,徳島
37,820511,283133,1407608,483153,1990,香川
38,762018,300176,1144363,437745,1990,愛媛
39,331927,106904,499172,156903,1990,高知
40,2721217,886973,4328522,1235138,1990,福岡
41,166088,49794,286018,82087,1990,佐賀
42,342588,123447,543062,185892,1990,長崎
43,622916,196563,1013372,329917,1990,熊本
44,320877,79817,494417,109357,1990,大分
45,222474,57435,315998,79662,1990,宮崎
46,366837,115989,605968,184739,1990,鹿児島
47,236480843,52886792,392618070,78748440,1990,合計
0,1049208,465732,1418738,565447,1991,北海道
1,146920,49461,193112,63060,1991,青森
2,152706,73194,205721,91049,1991,岩手
3,560616,256846,704060,295614,1991,宮城
4,114784,42421,147150,48409,1991,秋田
5,209221,68175,250270,76214,1991,山形
6,398833,171276,515117,208105,1991,福島
7,797096,413443,913360,442858,1991,茨城
8,755675,380560,874642,418905,1991,栃木
9,749478,357297,943717,412724,1991,群馬
10,2454577,1364783,2805785,1491108,1991,埼玉
11,2529930,1376248,2903571,1512465,1991,千葉
12,115149355,19247014,157601401,22101793,1991,東京
13,3586306,1870973,4450956,2159400,1991,神奈川
14,1081826,512516,1317585,585829,1991,新潟
15,335860,178093,402515,200538,1991,山梨
16,738801,362380,867365,377074,1991,長野
17,252277,126876,291015,137161,1991,沖縄
18,818183,403096,923557,432025,1991,岐阜
19,1989073,1021817,2317116,1120451,1991,静岡
20,5723860,2985751,7044676,3446312,1991,愛知
21,924147,487699,994425,514254,1991,三重
22,871262,414756,978369,447862,1991,富山
23,480932,253728,575309,281572,1991,石川
24,473409,232833,561678,261684,1991,福井
25,337731,172961,416761,200700,1991,滋賀
26,2517539,1252170,3084602,1454312,1991,京都
27,16685610,7973812,20341504,9112680,1991,大阪
28,3556026,1827762,4289436,2081893,1991,兵庫
29,665623,328565,766104,354662,1991,奈良
30,705103,386934,840326,422072,1991,和歌山
31,190101,99721,220071,106950,1991,鳥取
32,141973,66396,180788,81271,1991,島根
33,973754,450614,1271744,541439,1991,岡山
34,1659408,706024,2014783,802908,1991,広島
35,565474,276045,608544,283648,1991,山口
36,378420,198047,458841,236886,1991,徳島
37,598992,276819,743756,316541,1991,香川
38,566672,282644,658516,316980,1991,愛媛
39,233841,102617,289534,115808,1991,高知
40,1868912,845235,2280063,966724,1991,福岡
41,139292,50305,175714,62180,1991,佐賀
42,275964,129305,341633,148391,1991,長崎
43,402353,154714,491114,183695,1991,熊本
44,227515,92164,291926,110384,1991,大分
45,174378,71257,194181,80183,1991,宮崎
46,304623,143480,365824,158774,1991,鹿児島
47,175513639,49004559,230526975,55830994,1991,合計
0,718964,286229,646282,267393,1992,北海道
1,103794,36644,94597,35688,1992,青森
2,102413,31373,77998,27957,1992,岩手
3,348723,152805,292016,128777,1992,宮城
4,75934,21937,59323,17224,1992,秋田
5,165604,34206,121782,29846,1992,山形
6,254956,105764,221628,96827,1992,福島
7,571838,268848,474117,236590,1992,茨城
8,526060,270471,427347,224033,1992,栃木
9,504627,208719,420486,173121,1992,群馬
10,1613727,776140,1282694,662719,1992,埼玉
11,1634274,809495,1392637,741379,1992,千葉
12,88168865,10503771,88949463,9819848,1992,東京
13,2273641,975795,1951782,879127,1992,神奈川
14,737984,294923,635944,262014,1992,新潟
15,228876,108722,190724,93787,1992,山梨
16,526891,258078,438245,207950,1992,長野
17,168696,86708,140797,69466,1992,沖縄
18,562350,243797,462303,207245,1992,岐阜
19,1258010,551306,1052526,485232,1992,静岡
20,4041411,1775927,3662309,1644554,1992,愛知
21,637519,296354,489659,242253,1992,三重
22,576758,247934,470031,207091,1992,富山
23,359263,153769,289819,128642,1992,石川
24,301782,136629,256163,120359,1992,福井
25,236045,126448,202140,110024,1992,滋賀
26,1647784,725216,1423473,653901,1992,京都
27,10700440,4199837,9561256,3870422,1992,大阪
28,2280560,1029359,1862063,920923,1992,兵庫
29,432751,183984,357162,163819,1992,奈良
30,465904,224935,403026,215806,1992,和歌山
31,149018,60715,115033,49040,1992,鳥取
32,85998,35408,72056,30885,1992,島根
33,674944,292045,571936,274232,1992,岡山
34,1063742,405962,918371,357710,1992,広島
35,346789,135611,272448,113755,1992,山口
36,290886,139449,244113,116719,1992,徳島
37,435984,179522,377170,155596,1992,香川
38,445275,173355,361028,152012,1992,愛媛
39,160112,59186,139334,51269,1992,高知
40,1285429,539824,1136886,513822,1992,福岡
41,96873,25350,78936,23539,1992,佐賀
42,205177,87267,192285,82656,1992,長崎
43,263242,90376,225558,83966,1992,熊本
44,155834,54354,137509,51359,1992,大分
45,106468,31514,82332,26640,1992,宮崎
46,209018,71660,182243,63114,1992,鹿児島
47,128201233,27507721,123417030,25090331,1992,合計
0,967660,306138,904494,275276,1993,北海道
1,160468,44357,156034,49483,1993,青森
2,159706,49114,126982,42614,1993,岩手
3,475429,172617,442772,153442,1993,宮城
4,128958,24922,111016,22270,1993,秋田
5,200615,53407,179972,47599,1993,山形
6,395350,135662,366205,131693,1993,福島
7,793191,325929,683897,285988,1993,茨城
8,701087,291828,592837,244331,1993,栃木
9,731530,264172,659560,227773,1993,群馬
10,2324269,960521,1934558,857307,1993,埼玉
11,2174356,906822,1848855,770057,1993,千葉
12,108220375,11467359,119715883,10663333,1993,東京
13,3582778,1302824,3101608,1200961,1993,神奈川
14,1048971,434753,957076,375727,1993,新潟
15,349307,138419,295551,117101,1993,山梨
16,702643,324875,626738,269272,1993,長野
17,193653,79763,170562,64932,1993,沖縄
18,740443,301570,645118,256044,1993,岐阜
19,1858140,675309,1531606,578750,1993,静岡
20,5540904,2157821,5068842,1911899,1993,愛知
21,874209,369674,710353,301673,1993,三重
22,723555,303960,617321,254411,1993,富山
23,470404,200849,414715,172531,1993,石川
24,412319,180674,361195,154929,1993,福井
25,297308,140506,261014,119950,1993,滋賀
26,2171998,799415,1848212,726282,1993,京都
27,13394907,4623987,12756606,4162856,1993,大阪
28,3034096,1238389,2638354,1099481,1993,兵庫
29,632430,252578,556707,220897,1993,奈良
30,718049,328938,629415,293047,1993,和歌山
31,196808,82138,165668,67417,1993,鳥取
32,134094,49219,113997,42699,1993,島根
33,964485,354322,863104,334310,1993,岡山
34,1394894,455680,1236544,403583,1993,広島
35,501276,190276,408828,156612,1993,山口
36,404077,178950,344132,155054,1993,徳島
37,613028,214668,559324,192660,1993,香川
38,534846,202279,470951,164564,1993,愛媛
39,222732,74582,204234,66540,1993,高知
40,1695201,628742,1580975,607015,1993,福岡
41,127540,35732,112296,32824,1993,佐賀
42,280500,104895,262550,90199,1993,長崎
43,365234,106922,354844,101268,1993,熊本
44,216347,65784,199220,56715,1993,大分
45,167081,51967,136397,46424,1993,宮崎
46,240182,83761,222226,76523,1993,鹿児島
47,162237433,31737069,168149348,28646316,1993,合計
0,950620,242065,1031837,215138,1994,北海道
1,158264,51356,159781,51243,1994,青森
2,125306,50855,118673,45598,1994,岩手
3,437133,126360,427260,113002,1994,宮城
4,99198,24773,97326,21191,1994,秋田
5,187481,56271,173127,45253,1994,山形
6,332938,112343,331863,103998,1994,福島
7,691060,254091,627642,217513,1994,茨城
8,728361,242557,708207,200743,1994,栃木
9,685310,232361,641147,203623,1994,群馬
10,2096116,797317,1728949,676322,1994,埼玉
11,1942290,786181,1705235,659964,1994,千葉
12,116456787,9245617,136547524,8866582,1994,東京
13,3111922,1061960,2844885,967505,1994,神奈川
14,1035477,418913,986132,360549,1994,新潟
15,325618,113213,280419,89731,1994,山梨
16,632173,283557,577734,234193,1994,長野
17,163779,60550,142992,49073,1994,沖縄
18,655432,257594,602899,219175,1994,岐阜
19,1722809,599062,1536293,498083,1994,静岡
20,5350792,1853798,5281943,1657724,1994,愛知
21,805349,312914,693410,253116,1994,三重
22,621148,239999,573870,200629,1994,富山
23,404726,161499,380250,137430,1994,石川
24,360192,142621,329753,133665,1994,福井
25,264235,108670,236558,93963,1994,滋賀
26,1791305,665681,1724819,604116,1994,京都
27,12373787,3736026,12473934,3390710,1994,大阪
28,2750547,1030581,2572864,916193,1994,兵庫
29,564801,231220,549463,203373,1994,奈良
30,612193,260629,576716,232738,1994,和歌山
31,156563,62021,143602,51400,1994,鳥取
32,135094,56324,115677,45312,1994,島根
33,727750,308514,819965,286820,1994,岡山
34,1264127,400588,1161930,361241,1994,広島
35,499686,173386,424752,144299,1994,山口
36,344631,166206,300274,139244,1994,徳島
37,493016,167393,494344,158897,1994,香川
38,451994,156412,421465,130858,1994,愛媛
39,210817,65406,193901,56215,1994,高知
40,1571774,570269,1578506,541398,1994,福岡
41,105876,28240,100553,25366,1994,佐賀
42,229361,77398,236618,72380,1994,長崎
43,329102,82885,329174,73867,1994,熊本
44,207090,66672,197664,54827,1994,大分
45,127778,39708,122302,35420,1994,宮崎
46,198626,61007,207199,55731,1994,鹿児島
47,165490434,26243063,183511431,23895411,1994,合計
0,1100610,304067,970427,235028,1995,北海道
1,183354,76341,157294,63513,1995,青森
2,144483,61652,119281,41389,1995,岩手
3,514015,187636,444665,133629,1995,宮城
4,134224,39850,118888,29190,1995,秋田
5,199502,84869,162910,63844,1995,山形
6,391465,155711,341762,122199,1995,福島
7,875490,347490,696678,248567,1995,茨城
8,856305,313805,707354,218536,1995,栃木
9,783295,263181,676088,195772,1995,群馬
10,2223372,1017983,1722994,741707,1995,埼玉
11,2314991,996664,1824014,712546,1995,千葉
12,121976584,11693516,130342122,9126614,1995,東京
13,3384532,1316102,2938541,1050120,1995,神奈川
14,1056691,480826,854465,365406,1995,新潟
15,350831,134052,303531,108841,1995,山梨
16,772324,395664,612920,287852,1995,長野
17,212636,104293,152212,66734,1995,沖縄
18,742903,326695,599233,246951,1995,岐阜
19,1797282,706835,1427339,511862,1995,静岡
20,5516128,2303053,4694192,1775029,1995,愛知
21,953809,408907,709976,292648,1995,三重
22,764756,302731,623460,227059,1995,富山
23,469416,212454,394521,149194,1995,石川
24,396079,161549,335631,118734,1995,福井
25,333972,169137,272562,128234,1995,滋賀
26,1927898,756363,1714740,589784,1995,京都
27,14347721,4943522,12967376,3867169,1995,大阪
28,2818042,1200298,2262496,905892,1995,兵庫
29,652315,276659,533272,208183,1995,奈良
30,694942,290237,610918,221134,1995,和歌山
31,176476,74890,144222,55979,1995,鳥取
32,152836,62347,118113,46447,1995,島根
33,968818,404399,854610,308855,1995,岡山
34,1558494,597219,1287246,457750,1995,広島
35,582058,237802,444150,170205,1995,山口
36,392691,200949,295431,139473,1995,徳島
37,566806,216281,474133,166734,1995,香川
38,542604,213585,425347,152943,1995,愛媛
39,247786,87622,206229,63740,1995,高知
40,1819465,722725,1576937,581521,1995,福岡
41,126388,37637,116852,34631,1995,佐賀
42,269769,104924,234763,79607,1995,長崎
43,374271,112146,310662,80133,1995,熊本
44,267089,91090,196107,66057,1995,大分
45,166443,64159,134347,46967,1995,宮崎
46,234183,83279,216658,64960,1995,鹿児島
47,177336144,33343196,177327669,25569362,1995,合計
0,1144726,318345,1049179,252151,1996,北海道
1,185510,68051,167888,57010,1996,青森
2,156079,63722,135741,48720,1996,岩手
3,521800,175330,439082,135344,1996,宮城
4,138069,43520,135953,36746,1996,秋田
5,211707,69144,191457,53806,1996,山形
6,430782,174619,382107,141570,1996,福島
7,1035338,358136,891600,269213,1996,茨城
8,865229,324571,721981,241754,1996,栃木
9,853714,308565,739064,242498,1996,群馬
10,2325390,973708,1913655,754448,1996,埼玉
11,2833667,1100935,2498432,843064,1996,千葉
12,127778086,12383710,151945936,10288373,1996,東京
13,3879117,1362191,3519383,1127701,1996,神奈川
14,1196034,472685,1050620,382697,1996,新潟
15,391087,145220,343974,117708,1996,山梨
16,861279,439769,705056,333000,1996,長野
17,201616,96898,157979,66846,1996,沖縄
18,890806,357593,797272,288002,1996,岐阜
19,1984409,744902,1712328,591869,1996,静岡
20,6614490,2338712,6448838,1884387,1996,愛知
21,1023939,397561,815204,296467,1996,三重
22,837152,360429,689554,281316,1996,富山
23,541136,224887,460832,171777,1996,石川
24,420503,179610,365426,145434,1996,福井
25,367086,160171,315992,133592,1996,滋賀
26,2308054,855725,2229285,741236,1996,京都
27,15240274,5452577,14677650,4507661,1996,大阪
28,3268327,1334661,2842986,1075852,1996,兵庫
29,918453,307565,800314,241218,1996,奈良
30,779675,291008,687922,232114,1996,和歌山
31,197899,82640,173839,64636,1996,鳥取
32,156267,57507,134086,49933,1996,島根
33,1077249,481955,935261,389030,1996,岡山
34,1617172,534827,1444358,441277,1996,広島
35,619035,220041,497832,171187,1996,山口
36,446680,207711,350710,153703,1996,徳島
37,589658,231006,526440,189472,1996,香川
38,589199,215761,496735,166507,1996,愛媛
39,271917,96540,227451,74140,1996,高知
40,2016909,760793,1821043,644863,1996,福岡
41,140316,37362,133721,39711,1996,佐賀
42,270980,89723,240413,73867,1996,長崎
43,402866,108632,352628,85174,1996,熊本
44,265721,100745,222330,74733,1996,大分
45,196558,72307,176715,65022,1996,宮崎
46,248108,78941,235112,62240,1996,鹿児島
47,189310068,35261011,207801364,28729069,1996,合計
0,1273526,312293,901022,206960,1997,北海道
1,192359,57590,134498,45628,1997,青森
2,186856,46784,107553,38760,1997,岩手
3,499736,156570,309246,106870,1997,宮城
4,111722,34496,104972,32932,1997,秋田
5,214927,63217,133514,45998,1997,山形
6,440772,160870,276247,98312,1997,福島
7,911316,266867,654257,183986,1997,茨城
8,1025011,236011,846651,142033,1997,栃木
9,743722,228086,506856,156164,1997,群馬
10,2177463,766892,1310228,495270,1997,埼玉
11,2139256,705837,1336382,474632,1997,千葉
12,141262166,10258260,167239897,7402949,1997,東京
13,3449934,975187,2798621,757142,1997,神奈川
14,904540,346225,671664,275344,1997,新潟
15,281975,82234,190204,55235,1997,山梨
16,712956,325941,494363,221965,1997,長野
17,151910,62831,110086,44228,1997,沖縄
18,897485,296869,545800,193548,1997,岐阜
19,1625267,587115,1135299,409082,1997,静岡
20,5964973,1881263,5412126,1294966,1997,愛知
21,881374,347152,555084,214840,1997,三重
22,858199,303753,527096,181742,1997,富山
23,473269,181204,310833,103200,1997,石川
24,421662,136837,267685,91387,1997,福井
25,321275,91901,232260,78716,1997,滋賀
26,2092279,694456,1692948,583253,1997,京都
27,13238944,3787561,11384281,2679292,1997,大阪
28,2961021,972923,1951499,717230,1997,兵庫
29,784572,238631,454946,157052,1997,奈良
30,812019,223460,546053,153001,1997,和歌山
31,179071,80791,133706,60737,1997,鳥取
32,128597,42099,87834,29504,1997,島根
33,926782,301456,599897,219906,1997,岡山
34,1393006,353498,829228,242369,1997,広島
35,538631,154955,320055,99228,1997,山口
36,381523,142677,250258,94167,1997,徳島
37,544469,181419,389215,133968,1997,香川
38,553756,186196,369840,117836,1997,愛媛
39,317236,83598,181460,55057,1997,高知
40,1827496,600958,1256057,443854,1997,福岡
41,123557,19734,88385,25212,1997,佐賀
42,225471,62563,152353,49388,1997,長崎
43,327600,91236,228423,71110,1997,熊本
44,228036,82141,150357,51169,1997,大分
45,144515,28351,97903,24258,1997,宮崎
46,224293,64698,173398,71731,1997,鹿児島
47,196076525,27305686,208450540,19431211,1997,合計
0,1071449,302834,522057,123421,1998,北海道
1,264809,89435,144286,38588,1998,青森
2,139853,32480,66317,13437,1998,岩手
3,562101,194201,257177,85227,1998,宮城
4,112519,26844,63388,13366,1998,秋田
5,251825,77826,131126,38509,1998,山形
6,459419,182450,211617,79710,1998,福島
7,942534,307785,433547,124247,1998,茨城
8,877853,286565,364471,114229,1998,栃木
9,831848,264866,399430,122645,1998,群馬
10,2401458,896124,990303,373002,1998,埼玉
11,2277147,774001,967888,330876,1998,千葉
12,142930644,13328832,140110596,6274038,1998,東京
13,3385713,1070835,1589868,495579,1998,神奈川
14,1176936,443961,575090,222003,1998,新潟
15,353737,101199,181789,38806,1998,山梨
16,939258,436453,455994,191293,1998,長野
17,226750,106353,90179,43443,1998,沖縄
18,977807,391155,517650,165371,1998,岐阜
19,1847746,665838,936449,296796,1998,静岡
20,6215985,2309014,3944654,1026170,1998,愛知
21,1162038,504986,484431,194500,1998,三重
22,1074942,411882,406799,148921,1998,富山
23,590005,219608,265176,81229,1998,石川
24,457617,179110,198127,77994,1998,福井
25,324127,110633,157572,53534,1998,滋賀
26,2135698,719164,1258961,390331,1998,京都
27,14444468,4616524,8315881,2108760,1998,大阪
28,3511851,1286031,1530268,565193,1998,兵庫
29,840936,293167,441669,140605,1998,奈良
30,720333,239094,289685,99966,1998,和歌山
31,217527,91619,100128,41469,1998,鳥取
32,154449,50137,74573,24032,1998,島根
33,976253,333655,433852,147777,1998,岡山
34,1464278,483278,647203,218120,1998,広島
35,667809,201423,277358,80537,1998,山口
36,437587,169449,205391,73146,1998,徳島
37,594556,202400,340180,98053,1998,香川
38,653406,222692,307593,94410,1998,愛媛
39,320721,96958,155961,36670,1998,高知
40,2085260,671980,940446,300465,1998,福岡
41,139003,24407,66429,15897,1998,佐賀
42,261810,75946,123385,33997,1998,長崎
43,408264,124772,186260,56171,1998,熊本
44,266589,87028,106835,30512,1998,大分
45,181439,31110,82766,13458,1998,宮崎
46,329628,100097,187831,69454,1998,鹿児島
47,202667985,33836201,170538636,15405957,1998,合計
0,1440613,446106,1629179,578242,1999,北海道
1,400945,186357,472609,256572,1999,青森
2,230219,70745,261752,95794,1999,岩手
3,777100,244113,849669,277725,1999,宮城
4,199815,64470,242043,86564,1999,秋田
5,363142,120291,488456,233004,1999,山形
6,629561,213401,709323,251999,1999,福島
7,1575445,473205,1636032,469366,1999,茨城
8,1296386,424875,1552121,529870,1999,栃木
9,1294807,461449,1373021,494967,1999,群馬
10,3844439,1398598,3758281,1341209,1999,埼玉
11,3606873,1214373,3776645,1290762,1999,千葉
12,182255683,20216244,235946723,20471188,1999,東京
13,5481117,1635005,6352829,2006906,1999,神奈川
14,1536955,625744,1585099,662059,1999,新潟
15,591454,226938,618237,220382,1999,山梨
16,1354952,619815,1601452,865718,1999,長野
17,272172,124531,215949,86344,1999,沖縄
18,1376137,608934,1331110,579127,1999,岐阜
19,3130342,1112358,3356894,1181332,1999,静岡
20,8843940,3336033,8869453,3300014,1999,愛知
21,1607732,683267,1531871,675550,1999,三重
22,1403863,579577,1152614,483038,1999,富山
23,772692,296312,867103,324624,1999,石川
24,688219,290139,753028,342359,1999,福井
25,542189,188731,583132,203048,1999,滋賀
26,3085297,1142539,3725307,1472964,1999,京都
27,20564891,6950778,19744648,6790494,1999,大阪
28,5621267,2038133,5598814,2065108,1999,兵庫
29,1212279,426574,1286593,461282,1999,奈良
30,991490,338393,913268,324000,1999,和歌山
31,357400,161857,395056,187111,1999,鳥取
32,230787,79668,240293,88192,1999,島根
33,1574166,521663,1873358,610256,1999,岡山
34,2176698,711507,2463835,895568,1999,広島
35,1005510,337666,1021628,412248,1999,山口
36,678496,265959,610279,190303,1999,徳島
37,953408,359538,1129843,459964,1999,香川
38,997451,343033,1018740,359159,1999,愛媛
39,503350,170141,482065,163375,1999,高知
40,3121195,1031346,3190704,1060554,1999,福岡
41,224142,55711,273942,90769,1999,佐賀
42,406116,104327,423532,122664,1999,長崎
43,612909,194299,615922,215648,1999,熊本
44,394702,95235,414278,116905,1999,大分
45,268498,77090,281230,91435,1999,宮崎
46,383528,95574,459029,145656,1999,鹿児島
47,270880372,51362642,327676989,53631418,1999,合計
